Time[ms]; PeakValue; HR[bpm]
867;0;79,55801
900;0;79,55801
933;0;79,55801
967;0;79,55801
1000;0;79,55801
1033;0;79,55801
1067;0;79,55801
1100;0;79,55801
1133;0;79,55801
1167;0;79,55801
1200;0;79,55801
1233;0;79,55801
1267;0;79,55801
1300;0;79,55801
1333;0;79,55801
1367;1;79,55801
1400;0;77,83784
1433;0;77,83784
1467;0;77,83784
1500;0;77,83784
1533;0;77,83784
1567;0;77,83784
1600;0;77,83784
1633;0;77,83784
1667;0;77,83784
1700;0;77,83784
1733;0;77,83784
1767;0;77,83784
1800;0;77,41936
1833;0;77,41936
1867;0;77,41936
1900;0;77,41936
1933;0;77,41936
1967;0;77,41936
2000;0;77,41936
2033;1;77,41936
2067;0;76,82927
2100;0;76,82927
2133;0;76,82927
2167;0;76,82927
2200;0;76,36364
2233;0;76,36364
2267;0;76,36364
2300;0;75,78947
2333;0;75,78947
2367;0;75,78947
2400;0;75,78947
2433;0;75,78947
2467;0;75,78947
2500;0;75,78947
2533;0;75,78947
2567;0;75,78947
2600;0;75,78947
2633;0;75,78947
2667;0;75,78947
2700;0;75,78947
2733;0;75,78947
2767;1;75,78947
2800;0;75
2833;0;75
2867;0;75
2900;0;75
2933;0;75
2967;0;75
3000;0;75
3033;0;75
3067;0;75
3100;0;75
3133;0;74,6114
3167;0;74,6114
3200;0;74,6114
3233;0;74,6114
3267;0;74,6114
3300;0;74,6114
3333;0;74,6114
3367;0;74,6114
3400;0;74,6114
3433;0;74,6114
3467;0;74,6114
3500;1;74,6114
3533;0;72
3567;0;72
3600;0;72
3633;0;72
3667;0;72
3700;0;72
3733;0;72
3767;0;72
3800;0;72
3833;0;72
3867;0;72
3900;0;72
3933;0;72
3967;0;72
4000;0;72
4033;0;72
4067;0;72
4100;1;70,58823
4133;0;69,61326
4167;0;69,61326
4200;0;69,61326
4233;0;69,61326
4267;0;69,61326
4300;0;69,61326
4333;0;69,61326
4367;0;69,61326
4400;0;69,61326
4433;0;69,61326
4467;0;69,61326
4500;0;69,61326
4533;0;69,61326
4567;0;69,61326
4600;0;69,61326
4633;0;69,61326
4667;0;69,61326
4700;0;69,61326
4733;0;69,61326
4767;0;69,61326
4800;0;69,61326
4833;0;69,61326
4867;1;69,61326
4900;0;70,78651
4933;0;70,78651
4967;0;70,78651
5000;0;70,78651
5033;0;70,78651
5067;0;70,78651
5100;0;70,78651
5133;0;70,78651
5167;0;70,78651
5200;0;70,78651
5233;0;70,78651
5267;0;70,78651
5300;0;70,78651
5333;0;70,78651
5367;0;70,78651
5400;0;70,78651
5433;0;70,78651
5467;0;70,78651
5500;0;70,78651
5533;0;70,78651
5567;0;70,78651
5600;0;70,78651
5633;0;72
5667;0;72
5700;0;72
5733;0;72
5767;1;72
5800;0;71,59091
5833;0;71,59091
5867;0;71,59091
5900;0;71,59091
5933;0;71,59091
5967;0;71,59091
6000;0;71,59091
6033;0;71,59091
6067;0;71,59091
6100;0;71,59091
6133;0;71,59091
6167;0;71,59091
6200;0;71,59091
6233;0;71,59091
6267;0;71,59091
6300;0;71,59091
6333;0;71,59091
6367;0;71,59091
6400;0;71,59091
6433;0;71,59091
6467;0;71,59091
6500;0;71,59091
6533;0;71,59091
6567;1;71,59091
6600;0;71,52318
6633;0;71,52318
6667;0;71,52318
6700;0;68,85246
6733;0;68,85246
6767;0;68,85246
6800;0;68,85246
6833;0;68,85246
6867;0;68,85246
6900;0;68,85246
6933;0;68,85246
6967;0;68,85246
7000;0;68,85246
7033;0;68,85246
7067;0;68,47826
7100;0;68,47826
7133;0;68,47826
7167;0;68,47826
7200;0;68,47826
7233;0;68,47826
7267;0;68,47826
7300;0;68,47826
7333;0;68,47826
7367;1;68,47826
7400;0;68,35443
7433;0;68,35443
7467;0;69,61326
7500;0;69,61326
7533;0;69,61326
7567;0;69,61326
7600;0;69,61326
7633;0;69,61326
7667;0;69,61326
7700;0;69,61326
7733;0;69,61326
7767;0;69,23077
7800;0;69,23077
7833;0;69,23077
7867;0;69,23077
7900;0;69,23077
7933;0;69,23077
7967;0;69,23077
8000;0;69,23077
8033;0;69,23077
8067;0;69,23077
8100;0;69,61326
8133;0;69,61326
8167;0;71,28713
8200;0;71,28713
8233;1;71,28713
8267;0;71,59091
8300;0;71,59091
8333;0;71,59091
8367;0;71,59091
8400;0;71,59091
8433;0;71,59091
8467;0;71,59091
8500;0;71,59091
8533;0;71,59091
8567;0;71,59091
8600;0;71,59091
8633;0;71,59091
8667;0;71,59091
8700;0;71,59091
8733;0;71,59091
8767;0;71,59091
8800;0;71,59091
8833;0;71,59091
8867;0;71,59091
8900;0;71,59091
8933;0;71,59091
8967;0;72
9000;0;72
9033;0;72
9067;0;72
9100;1;72
9133;0;72
9167;0;72
9200;0;72
9233;0;72
9267;0;72
9300;0;72
9333;0;72
9367;0;72
9400;0;72
9433;0;72
9467;0;72
9500;0;72
9533;0;72
9567;0;72
9600;0;72
9633;0;72
9667;0;72
9700;0;72
9733;0;70,78651
9767;0;70,78651
9800;0;70,78651
9833;0;70,78651
9867;0;70,78651
9900;0;70,78651
9933;1;70,78651
9967;0;72,48322
10000;0;72,48322
10033;0;72,48322
10067;0;72,48322
10100;0;70
10133;0;70
10167;0;70
10200;0;70
10233;0;70
10267;0;70
10300;0;70
10333;0;70
10367;0;70
10400;0;70
10433;0;70
10467;0;70
10500;0;70
10533;0;70
10567;0;70
10600;0;70
10633;0;70
10667;0;70
10700;0;70
10733;0;70
10767;0;70
10800;0;70
10833;0;70
10867;0;70
10900;1;70
10933;0;68,78981
10967;0;68,78981
11000;0;68,47826
11033;0;68,47826
11067;0;68,47826
11100;0;68,47826
11133;0;68,47826
11167;0;68,47826
11200;0;68,47826
11233;0;68,47826
11267;0;68,47826
11300;0;68,47826
11333;0;68,47826
11367;0;68,47826
11400;0;67,74194
11433;0;67,74194
11467;0;67,74194
11500;0;67,74194
11533;0;67,74194
11567;0;67,74194
11600;0;67,74194
11633;0;67,74194
11667;1;67,74194
11700;0;66,25767
11733;0;66,25767
11767;0;66,25767
11800;0;66,25767
11833;0;66,25767
11867;0;66,25767
11900;0;66,25767
11933;0;66,25767
11967;0;66,25767
12000;0;66,25767
12033;0;65,625
12067;0;65,625
12100;0;65,625
12133;0;65,625
12167;0;65,625
12200;0;65,625
12233;0;65,625
12267;0;65,625
12300;0;65,625
12333;0;65,625
12367;0;65,625
12400;0;65,625
12433;1;65,625
12467;0;66,25767
12500;0;66,25767
12533;0;66,25767
12567;0;66,25767
12600;0;66,25767
12633;0;66,25767
12667;0;66,25767
12700;0;66,25767
12733;0;66,25767
12767;0;66,25767
12800;0;66,25767
12833;0;67,37968
12867;0;67,37968
12900;0;67,37968
12933;0;67,37968
12967;0;67,37968
13000;0;67,37968
13033;0;67,37968
13067;0;67,37968
13100;0;67,37968
13133;0;67,37968
13167;0;67,37968
13200;0;67,37968
13233;0;67,37968
13267;0;67,37968
13300;0;67,37968
13333;0;67,37968
13367;0;67,37968
13400;1;67,37968
13433;0;67,08074
13467;0;67,08074
13500;0;67,08074
13533;0;67,08074
13567;0;67,08074
13600;0;67,08074
13633;0;67,08074
13667;0;67,08074
13700;0;67,08074
13733;0;67,08074
13767;0;67,08074
13800;0;66,31579
13833;0;67,08074
13867;0;65,625
13900;0;65,625
13933;0;65,625
13967;0;66,31579
14000;0;66,31579
14033;0;66,31579
14067;0;66,31579
14100;0;66,31579
14133;0;66,31579
14167;0;66,31579
14200;0;66,31579
14233;0;65,625
14267;1;64,94846
14300;0;63,52941
14333;0;63,52941
14367;0;63,52941
14400;0;63,52941
14433;0;68,10811
14467;0;68,10811
14500;0;68,10811
14533;0;68,10811
14567;0;68,10811
14600;0;68,10811
14633;0;68,10811
14667;0;68,10811
14700;0;68,10811
14733;0;68,10811
14767;0;68,10811
14800;0;68,10811
14833;0;68,10811
14867;0;68,10811
14900;0;77,83784
14933;0;81
14967;0;81
15000;0;81
15033;0;81
15067;1;81
15100;0;80,44693
15133;0;80,44693
15167;0;80,44693
15200;0;80,44693
15233;0;80,44693
15267;0;80,44693
15300;0;80,44693
15333;0;80,44693
15367;0;80,44693
15400;0;80,44693
15433;0;80,44693
15467;0;83,07692
15500;0;83,07692
15533;0;83,07692
15567;0;83,07692
15600;0;83,07692
15633;0;83,07692
15667;0;83,07692
15700;0;83,07692
15733;0;83,07692
15767;1;83,07692
15800;0;90
15833;0;90
15867;0;90
15900;0;90
15933;0;90
15967;0;89,44099
16000;0;91,52542
16033;0;91,52542
16067;0;91,52542
16100;0;91,52542
16133;0;91,52542
16167;0;91,52542
16200;0;91,52542
16233;0;91,52542
16267;0;91,52542
16300;0;91,52542
16333;0;91,52542
16367;0;91,52542
16400;0;91,52542
16433;0;91,52542
16467;0;91,52542
16500;0;93,75
16533;0;93,75
16567;0;93,75
16600;0;93,75
16633;0;93,75
16667;0;93,75
16700;0;93,75
16733;0;93,75
16767;0;93,75
16800;0;93,75
16833;0;93,75
16867;0;93,75
16900;1;93,75
16933;0;97,00599
16967;0;99,44752
17000;0;99,44752
17033;0;109,3923
17067;0;109,3923
17100;0;109,3923
17133;0;109,3923
17167;0;109,3923
17200;0;109,3923
17233;0;109,3923
17267;0;109,3923
17300;0;109,3923
17333;0;109,3923
17367;0;109,3923
17400;0;111,3402
17433;0;111,3402
17467;0;111,3402
17500;0;111,3402
17533;0;111,3402
17567;0;111,3402
17600;0;111,3402
17633;0;111,3402
17667;0;111,3402
17700;0;111,3402
17733;1;111,3402
17767;0;120,7317
17800;0;120,7317
17833;0;120,7317
17867;0;120,7317
17900;0;120,6704
17933;0;120,6704
17967;0;120,6704
18000;0;120,6704
18033;0;120,6704
18067;0;120,6704
18100;0;120,6704
18133;0;120,6704
18167;0;120,6704
18200;0;120,6704
18233;0;120,6704
18267;0;120,6704
18300;0;120,6704
18333;0;120,6704
18367;0;120,6704
18400;0;120,6186
18433;0;121,2435
18467;0;121,2435
18500;0;121,2435
18533;0;121,2435
18567;0;121,2435
18600;0;121,2435
18633;0;121,2435
18667;0;121,2435
18700;0;121,2435
18733;1;121,2435
18767;0;120,6704
18800;0;120,6704
18833;0;120,6704
18867;0;120,6186
18900;0;120,6186
18933;0;120,6186
18967;0;120,6186
19000;0;120,6186
19033;0;120,6186
19067;0;120,6186
19100;0;120,6186
19133;0;120,6186
19167;0;120,6186
19200;1;120,6186
19233;0;120,6704
19267;0;120,6704
19300;0;120,6704
19333;0;120,6704
19367;0;120,6704
19400;0;120,6704
19433;0;120,6704
19467;0;120,6186
19500;0;120,6186
19533;0;120,6186
19567;0;120,6186
19600;0;120,6186
19633;0;120,6186
19667;0;120,6186
19700;1;120,6186
19733;0;121,3483
19767;0;121,3483
19800;0;121,3483
19833;0;121,875
19867;0;121,875
19900;0;121,875
19933;0;121,875
19967;0;121,875
20000;0;121,875
20033;0;121,875
20067;0;121,875
20100;0;121,875
20133;0;121,875
20167;0;121,875
20200;0;121,875
20233;1;121,875
20267;0;122,0339
20300;0;122,0339
20333;0;122,0339
20367;0;122,0339
20400;0;122,5131
20433;0;122,5131
20467;0;122,5131
20500;0;122,5131
20533;0;122,5131
20567;0;122,5131
20600;0;122,5131
20633;0;122,5131
20667;0;122,5131
20700;0;122,5131
20733;1;122,5131
20767;0;122,7273
20800;0;122,5131
20833;0;122,5131
20867;0;122,5131
20900;0;122,5131
20933;0;122,5131
20967;0;122,5131
21000;0;122,5131
21033;0;122,5131
21067;0;122,5131
21100;0;122,5131
21133;0;122,5131
21167;0;122,5131
21200;0;122,5131
21233;1;122,5131
21267;0;123,4286
21300;0;123,1579
21333;0;123,1579
21367;0;123,1579
21400;0;123,1579
21433;0;123,1579
21467;0;123,1579
21500;0;123,1579
21533;0;123,1579
21567;0;123,1579
21600;0;123,1579
21633;0;123,1579
21667;0;123,1579
21700;0;123,1579
21733;0;123,1579
21767;1;123,1579
21800;0;123,1579
21833;0;123,1579
21867;0;123,1579
21900;0;123,1579
21933;0;123,1579
21967;0;123,1579
22000;0;123,1579
22033;0;123,1579
22067;0;123,1579
22100;0;123,1579
22133;0;123,1579
22167;0;123,1579
22200;0;123,1579
22233;0;123,1579
22267;1;123,1579
22300;0;123,8095
22333;0;123,8095
22367;0;123,8095
22400;0;123,8095
22433;0;123,8095
22467;0;123,8095
22500;0;123,8095
22533;0;123,8095
22567;0;123,8095
22600;0;123,8095
22633;0;123,8095
22667;0;123,8095
22700;0;123,8095
22733;0;123,8095
22767;0;123,8095
22800;1;123,5294
22833;0;123,8095
22867;0;123,8095
22900;0;123,8095
22933;0;123,8095
22967;0;123,8095
23000;0;123,8095
23033;0;123,8095
23067;0;123,8095
23100;0;123,8095
23133;0;123,8095
23167;0;123,8095
23200;0;123,8095
23233;0;123,8095
23267;0;123,8095
23300;1;123,5294
23333;0;123,1579
23367;0;123,1579
23400;0;123,1579
23433;0;123,1579
23467;0;123,1579
23500;0;123,1579
23533;0;123,1579
23567;0;123,1579
23600;0;123,1579
23633;0;123,1579
23667;0;123,1579
23700;0;123,1579
23733;0;123,1579
23767;1;123,5294
23800;0;122,5131
23833;0;122,5131
23867;0;122,5131
23900;0;122,5131
23933;0;122,5131
23967;0;122,5131
24000;0;122,5131
24033;0;122,5131
24067;0;122,5131
24100;0;122,5131
24133;0;122,5131
24167;0;122,5131
24200;1;122,5131
24233;0;123,1579
24267;0;123,1579
24300;0;123,1579
24333;0;123,1579
24367;0;122,5131
24400;0;122,5131
24433;0;122,5131
24467;0;122,5131
24500;0;122,5131
24533;0;122,5131
24567;0;122,5131
24600;0;122,5131
24633;0;122,5131
24667;0;122,5131
24700;1;122,5131
24733;0;122,5131
24767;0;122,5131
24800;0;122,5131
24833;0;122,5131
24867;0;122,5131
24900;0;122,5131
24933;0;122,5131
24967;0;122,5131
25000;0;122,5131
25033;0;122,5131
25067;0;122,5131
25100;0;122,5131
25133;0;122,5131
25167;1;123,5294
25200;0;123,8095
25233;0;123,8095
25267;0;123,8095
25300;0;123,8095
25333;0;123,8095
25367;0;123,8095
25400;0;123,8095
25433;0;123,8095
25467;0;123,8095
25500;0;123,8095
25533;0;123,8095
25567;0;123,8095
25600;0;123,8095
25633;0;123,8095
25667;1;123,5294
25700;0;123,1579
25733;0;123,1579
25767;0;123,1579
25800;0;123,1579
25833;0;123,1579
25867;0;123,1579
25900;0;123,1579
25933;0;123,1579
25967;0;123,1579
26000;0;123,1579
26033;0;123,1579
26067;0;123,1579
26100;0;123,1579
26133;1;123,1579
26167;0;122,5131
26200;0;122,5131
26233;0;122,5131
26267;0;122,5131
26300;0;122,5131
26333;0;122,5131
26367;0;122,5131
26400;0;122,5131
26433;0;122,5131
26467;0;122,5131
26500;0;122,5131
26533;0;122,5131
26567;0;122,5131
26600;1;122,5131
26633;0;122,0339
26667;0;121,875
26700;0;121,875
26733;0;121,875
26767;0;121,875
26800;0;121,875
26833;0;121,875
26867;0;121,875
26900;0;121,875
26933;0;121,875
26967;0;121,875
27000;0;121,875
27033;0;121,875
27067;1;121,875
27100;0;122,0339
27133;0;122,5131
27167;0;122,5131
27200;0;122,5131
27233;0;122,5131
27267;0;122,5131
27300;0;122,5131
27333;0;122,5131
27367;0;122,5131
27400;0;122,5131
27433;0;122,5131
27467;0;122,5131
27500;0;122,5131
27533;0;122,5131
27567;1;122,5131
27600;0;123,4286
27633;0;123,1579
27667;0;123,1579
27700;0;123,1579
27733;0;123,1579
27767;0;123,1579
27800;0;123,1579
27833;0;123,1579
27867;0;123,1579
27900;0;123,1579
27933;0;123,1579
27967;0;123,1579
28000;0;123,1579
28033;0;123,1579
28067;0;124,1379
28100;1;124,1379
28133;0;124,4681
28167;0;124,4681
28200;0;124,4681
28233;0;124,4681
28267;0;124,4681
28300;0;124,4681
28333;0;124,4681
28367;0;124,4681
28400;0;124,4681
28433;0;124,4681
28467;0;124,4681
28500;0;124,4681
28533;0;124,7525
28567;0;124,7525
28600;1;124,7525
28633;0;125,1337
28667;0;125,1337
28700;0;125,1337
28733;0;125,1337
28767;0;125,1337
28800;0;125,1337
28833;0;125,1337
28867;0;125,1337
28900;0;125,1337
28933;0;125,1337
28967;0;125,1337
29000;0;125,3731
29033;0;125,3731
29067;0;125,3731
29100;1;125,3731
29133;0;125,8064
29167;0;125,8064
29200;0;125,8064
29233;0;125,8064
29267;0;125,8064
29300;0;125,8064
29333;0;125,8064
29367;0;125,8064
29400;0;125,8064
29433;0;126,6332
29467;0;126,6332
29500;0;126,6332
29533;0;126,6332
29567;0;126,6332
29600;1;126,6332
29633;0;127,1739
29667;0;127,1739
29700;0;127,1739
29733;0;127,1739
29767;0;127,1739
29800;0;127,1739
29833;0;127,1739
29867;0;127,9188
29900;0;127,9188
29933;0;127,9188
29967;0;127,9188
30000;0;127,9188
30033;0;127,9188
30067;0;127,9188
30100;1;127,9188
30133;0;127,8689
30167;0;127,8689
30200;0;127,8689
30233;0;127,8689
30267;0;127,8689
30300;0;127,8689
30333;0;127,9188
30367;0;127,9188
30400;0;127,9188
30433;0;127,9188
30467;0;127,9188
30500;0;127,9188
30533;0;127,9188
30567;1;127,9188
30600;0;128,5714
30633;0;128,5714
30667;0;128,5714
30700;0;128,5714
30733;0;128,5714
30767;0;128,5714
30800;0;128,5714
30833;0;128,5714
30867;0;128,5714
30900;0;128,5714
30933;0;128,5714
30967;0;128,5714
31000;0;128,5714
31033;0;128,5714
31067;1;128,5714
31100;0;128,5714
31133;0;128,5714
31167;0;128,5714
31200;0;128,5714
31233;0;129,2308
31267;0;129,2308
31300;0;129,2308
31333;0;129,2308
31367;0;129,2308
31400;0;129,2308
31433;0;129,2308
31467;0;129,2308
31500;0;129,2308
31533;1;129,2308
31567;0;128,5714
31600;0;128,5714
31633;0;128,5714
31667;0;128,5714
31700;0;128,5714
31733;0;128,5714
31767;0;128,5714
31800;0;128,5714
31833;0;128,5714
31867;0;128,5714
31900;0;128,5714
31933;0;128,5714
31967;1;128,5714
32000;0;129,2818
32033;0;129,2818
32067;0;129,2818
32100;0;129,2818
32133;0;129,2818
32167;0;129,2308
32200;0;129,2308
32233;0;129,2308
32267;0;129,2308
32300;0;129,2308
32333;0;129,2308
32367;0;129,2308
32400;0;129,2308
32433;0;129,2308
32467;1;129,2308
32500;0;130
32533;0;130
32567;0;131,25
32600;0;131,25
32633;0;131,25
32667;0;131,25
32700;0;131,25
32733;0;131,25
32767;0;131,25
32800;0;131,25
32833;0;131,25
32867;0;131,25
32900;0;131,25
32933;0;131,25
32967;1;131,25
33000;0;132,2034
33033;0;132,2034
33067;0;132,2034
33100;0;132,6316
33133;0;132,6316
33167;0;132,6316
33200;0;132,6316
33233;0;132,6316
33267;0;132,6316
33300;0;132,6316
33333;0;132,6316
33367;0;132,6316
33400;0;132,6316
33433;0;133,0049
33467;1;133,0049
33500;0;134,0426
33533;0;134,0426
33567;0;134,0426
33600;0;134,0426
33633;0;134,0426
33667;0;134,0426
33700;0;134,0426
33733;0;134,0426
33767;0;134,0426
33800;0;134,0426
33833;0;134,0426
33867;0;134,0426
33900;0;133,6634
33933;0;133,6634
33967;1;133,6634
34000;0;134,0426
34033;0;134,0426
34067;0;134,0426
34100;0;134,0426
34133;0;134,0426
34167;0;134,0426
34200;0;134,0426
34233;0;134,0426
34267;0;134,0426
34300;0;134,0426
34333;0;134,0426
34367;0;134,0426
34400;0;133,0049
34433;1;133,0049
34467;0;133,3333
34500;0;133,3333
34533;0;133,3333
34567;0;133,3333
34600;0;133,3333
34633;0;133,3333
34667;0;133,3333
34700;0;133,3333
34733;0;133,3333
34767;0;133,3333
34800;0;133,3333
34833;0;133,3333
34867;0;133,3333
34900;1;132,3529
34933;0;131,9372
34967;0;131,9372
35000;0;131,9372
35033;0;131,9372
35067;0;131,9372
35100;0;131,9372
35133;0;131,9372
35167;0;131,9372
35200;0;131,9372
35233;0;131,9372
35267;0;131,9372
35300;0;131,9372
35333;1;131,9372
35367;0;132,2034
35400;0;131,25
35433;0;131,25
35467;0;131,25
35500;0;131,25
35533;0;131,25
35567;0;131,25
35600;0;131,25
35633;0;131,25
35667;0;131,25
35700;0;131,25
35733;0;131,25
35767;0;131,25
35800;1;131,25
35833;0;130,7263
35867;0;130,7263
35900;0;130,7263
35933;0;129,2308
35967;0;129,2308
36000;0;129,2308
36033;0;129,2308
36067;0;129,2308
36100;0;129,2308
36133;0;129,2308
36167;0;129,2308
36200;0;129,2308
36233;1;129,2308
36267;0;128,5714
36300;0;128,5714
36333;0;128,5714
36367;0;128,5714
36400;0;128,5714
36433;0;128,5714
36467;0;128,5714
36500;0;128,5714
36533;0;128,5714
36567;0;128,5714
36600;0;128,5714
36633;0;128,5714
36667;1;128,5714
36700;0;128,5714
36733;0;128,5714
36767;0;128,5714
36800;0;128,5714
36833;0;128,5714
36867;0;128,5714
36900;0;127,9188
36933;0;127,9188
36967;0;127,9188
37000;0;127,9188
37033;0;127,9188
37067;0;127,9188
37100;0;127,9188
37133;1;127,9188
37167;0;127,8689
37200;0;128,5714
37233;0;128,5714
37267;0;128,5714
37300;0;128,5714
37333;0;128,5714
37367;0;128,5714
37400;0;128,5714
37433;0;128,5714
37467;0;128,5714
37500;0;128,5714
37533;0;129,2818
37567;0;124,1379
37600;1;124,1379
37633;0;123,1579
37667;0;123,1579
37700;0;123,1579
37733;0;123,1579
37767;0;123,1579
37800;0;123,1579
37833;0;123,1579
37867;0;123,1579
37900;0;113,6842
37933;0;113,6842
37967;0;113,6842
38000;0;113,6842
38033;1;113,6842
38067;0;112,5
38100;0;112,5
38133;0;112,5
38167;0;111,3402
38200;0;111,3402
38233;0;112,5
38267;0;112,5
38300;0;112,5
38333;0;112,5
38367;0;112,5
38400;0;112,5
38433;0;112,5
38467;0;112,5
38500;1;112,5
38533;0;100
38567;0;93,75
38600;0;93,75
38633;0;93,75
38667;0;93,75
38700;0;93,75
38733;0;93,75
38767;0;93,75
38800;0;93,75
38833;0;93,75
38867;0;93,75
38900;0;93,75
38933;0;93,75
38967;1;93,75
39000;0;90,50279
39033;0;90,50279
39067;0;80,44693
39100;0;80,44693
39133;0;80,44693
39167;0;80,44693
39200;0;80,44693
39233;0;80,89888
39267;0;80,89888
39300;0;80,89888
39333;0;80,89888
39367;0;80,89888
39400;1;80,89888
39433;0;75,4491
39467;0;64,67066
39500;0;64,28571
39533;0;64,28571
39567;0;64,28571
39600;0;64,28571
39633;0;64,28571
39667;0;64,28571
39700;0;64,28571
39733;0;64,28571
39767;1;64,28571
39800;0;64,28571
39833;0;64,28571
39867;0;64,28571
39900;0;64,28571
39933;0;64,28571
39967;0;64,28571
40000;0;64,28571
40033;0;64,28571
40067;0;64,28571
40100;0;64,28571
40133;0;64,28571
40167;0;64,28571
40200;0;64,28571
40233;0;64,28571
40267;0;64,28571
40300;0;64,28571
40333;0;64,28571
40367;0;64,28571
40400;0;64,28571
40433;0;64,28571
40467;0;63,95939
40500;0;63,95939
40533;0;63,95939
40567;0;63,95939
40600;0;63,95939
40633;0;63,95939
40667;0;63,95939
40700;1;63,95939
40733;0;64,67066
40767;0;64,67066
40800;0;64,67066
40833;0;64,67066
40867;0;64,67066
40900;0;64,67066
40933;0;64,67066
40967;0;64,67066
41000;0;64,67066
41033;0;64,67066
41067;0;64,67066
41100;0;64,67066
41133;0;64,67066
41167;0;64,67066
41200;0;64,67066
41233;0;64,67066
41267;0;64,67066
41300;0;64,67066
41333;0;64,67066
41367;0;64,67066
41400;0;64,67066
41433;0;64,67066
41467;0;64,67066
41500;0;63,63636
41533;0;63,63636
41567;0;63,63636
41600;0;63,63636
41633;0;63,31658
41667;0;63,31658
41700;1;63,31658
41733;0;63,52941
41767;0;63,52941
41800;0;63,52941
41833;0;63,52941
41867;0;63,52941
41900;0;63,52941
41933;0;63,52941
41967;0;63,52941
42000;0;63,52941
42033;0;63,52941
42067;0;63,52941
42100;0;63,52941
42133;0;63,52941
42167;0;63,52941
42200;0;63,52941
42233;0;63,52941
42267;0;63,52941
42300;0;63,52941
42333;0;63,52941
42367;0;63,52941
42400;0;63,52941
42433;0;63,52941
42467;0;63,52941
42500;0;63,52941
42533;0;63,52941
42567;0;63,52941
42600;0;63,52941
42633;0;63,52941
42667;1;63,52941
42700;0;62,5
42733;0;62,5
42767;0;62,5
42800;0;59,34066
42833;0;59,34066
42867;0;59,34066
42900;0;59,66851
42933;0;59,66851
42967;0;59,66851
43000;0;59,66851
43033;0;59,66851
43067;0;59,66851
43100;0;59,66851
43133;0;59,66851
43167;0;59,66851
43200;0;59,66851
43233;0;59,66851
43267;0;60
43300;0;60
43333;0;60
43367;0;60
43400;0;60
43433;0;60
43467;0;60
43500;0;60
43533;0;60
43567;1;60
43600;0;58,06452
43633;0;58,06452
43667;0;59,34066
43700;0;59,34066
43733;0;59,34066
43767;0;59,34066
43800;0;59,34066
43833;0;59,34066
43867;0;59,34066
43900;0;59,34066
43933;0;59,34066
43967;0;59,34066
44000;0;59,34066
44033;0;59,34066
44067;0;59,34066
44100;0;59,34066
44133;0;59,34066
44167;0;59,34066
44200;0;59,34066
44233;0;59,34066
44267;0;59,34066
44300;0;59,34066
44333;0;59,34066
44367;0;59,34066
44400;1;59,34066
44433;1;59,66851
44467;0;60
44500;0;60
44533;0;60
44567;0;60
44600;0;60
44633;0;60
44667;0;60
44700;0;60
44733;0;60
44767;0;60
44800;0;60
44833;0;60
44867;0;60
44900;0;60
44933;0;60
44967;0;60
45000;0;60
45033;0;60
45067;0;60
45100;0;60
45133;0;60
45167;0;60
45200;0;60
45233;0;60
45267;0;60
45300;0;60
45333;0;60
45367;0;60
45400;0;60
45433;0;60
45467;1;60
45500;0;58,44156
45533;0;58,44156
45567;0;58,44156
45600;0;58,44156
45633;0;58,44156
45667;0;58,82353
45700;0;58,69565
45733;0;58,69565
45767;0;58,69565
45800;0;58,69565
45833;0;58,69565
45867;0;58,69565
45900;0;58,69565
45933;0;58,69565
45967;0;58,69565
46000;0;55,95855
46033;0;58,82353
46067;0;58,69565
46100;0;58,69565
46133;0;58,37838
46167;0;56,84211
46200;0;56,84211
46233;0;56,5445
46267;0;56,5445
46300;0;56,5445
46333;1;56,5445
46367;0;60,67416
46400;0;60,67416
46433;0;60,67416
46467;0;60,67416
46500;0;60,33519
46533;0;70,39106
46567;0;70,39106
46600;0;70,39106
46633;0;70,39106
46667;0;70,39106
46700;0;70,39106
46733;0;70,39106
46767;0;70,39106
46800;0;70,39106
46833;0;75
46867;0;75
46900;0;75
46933;0;75
46967;0;75
47000;0;75
47033;0;75
47067;0;75
47100;0;75
47133;0;75
47167;0;75
47200;0;75
47233;1;75
47267;0;78,26087
47300;0;78,26087
47333;0;81,81818
47367;0;81,81818
47400;0;81,81818
47433;0;81,81818
47467;0;81,81818
47500;0;81,81818
47533;0;81,81818
47567;0;81,81818
47600;0;81,81818
47633;0;81,81818
47667;0;81,81818
47700;0;81,81818
47733;0;81,81818
47767;0;81,81818
47800;0;85,26316
47833;0;85,26316
47867;0;85,26316
47900;0;85,26316
47933;0;85,26316
47967;0;85,26316
48000;0;85,26316
48033;0;85,26316
48067;0;85,26316
48100;0;85,26316
48133;0;85,26316
48167;0;85,26316
48200;0;85,26316
48233;0;85,26316
48267;1;85,26316
48300;0;99,38651
48333;0;99,38651
48367;0;99,38651
48400;0;99,38651
48433;0;99,38651
48467;0;99,38651
48500;0;99,38651
48533;0;99,38651
48567;0;99,38651
48600;0;100
48633;0;100
48667;0;100
48700;0;100
48733;0;100
48767;0;100
48800;0;101,6949
48833;0;101,6949
48867;0;111,8644
48900;0;111,8644
48933;0;111,8644
48967;0;113,6842
49000;0;113,6842
49033;0;113,6842
49067;0;113,6842
49100;0;113,6842
49133;0;113,6842
49167;0;113,6842
49200;0;113,6842
49233;0;113,6842
49267;1;114,7059
49300;0;113,089
49333;0;113,089
49367;0;113,089
49400;0;113,089
49433;0;113,089
49467;0;113,089
49500;0;113,089
49533;0;113,089
49567;0;113,089
49600;0;113,089
49633;0;113,089
49667;0;113,089
49700;1;113,089
49733;0;121,3483
49767;0;121,3483
49800;0;121,3483
49833;0;121,3483
49867;0;121,3483
49900;0;121,3483
49933;0;121,3483
49967;0;121,3483
50000;0;121,3483
50033;0;121,3483
50067;0;121,3483
50100;0;121,3483
50133;0;121,3483
50167;0;121,3483
50200;0;121,875
50233;0;121,875
50267;0;121,875
50300;0;121,875
50333;0;121,875
50367;0;121,875
50400;0;121,875
50433;0;121,875
50467;0;121,875
50500;0;121,875
50533;0;121,875
50567;0;121,875
50600;1;121,875
50633;0;122,7273
50667;0;122,7273
50700;0;122,7273
50733;0;121,875
50767;0;121,875
50800;0;121,875
50833;0;121,875
50867;0;121,875
50900;0;121,875
50933;0;121,875
50967;0;121,875
51000;0;121,875
51033;0;121,875
51067;0;121,875
51100;0;121,875
51133;1;121,875
51167;0;122,0339
51200;0;122,5131
51233;0;122,5131
51267;0;121,875
51300;0;121,875
51333;0;121,875
51367;0;121,875
51400;0;121,875
51433;0;121,875
51467;0;121,875
51500;0;121,875
51533;0;121,875
51567;0;121,875
51600;0;121,875
51633;1;121,875
51667;0;122,7273
51700;0;122,7273
51733;0;122,5131
51767;0;122,5131
51800;0;122,5131
51833;0;122,5131
51867;0;122,5131
51900;0;122,5131
51933;0;122,5131
51967;0;122,5131
52000;0;122,5131
52033;0;122,5131
52067;0;122,5131
52100;0;122,5131
52133;0;122,5131
52167;1;122,5131
52200;0;123,4286
52233;0;123,1579
52267;0;123,1579
52300;0;123,1579
52333;0;123,1579
52367;0;123,1579
52400;0;123,1579
52433;0;123,1579
52467;0;123,1579
52500;0;123,1579
52533;0;123,1579
52567;0;123,1579
52600;0;123,1579
52633;0;123,1579
52667;0;123,1579
52700;1;123,1579
52733;0;122,5131
52767;0;122,5131
52800;0;122,5131
52833;0;122,5131
52867;0;122,5131
52900;0;122,5131
52933;0;122,5131
52967;0;122,5131
53000;0;122,5131
53033;0;122,5131
53067;0;122,5131
53100;0;122,5131
53133;0;122,5131
53167;1;122,5131
53200;0;122,0339
53233;0;122,0339
53267;0;121,2435
53300;0;121,2435
53333;0;121,2435
53367;0;121,2435
53400;0;121,2435
53433;0;121,2435
53467;0;121,2435
53500;0;121,2435
53533;0;121,2435
53567;0;121,2435
53600;0;121,2435
53633;1;121,2435
53667;0;121,3483
53700;0;121,3483
53733;0;121,3483
53767;0;121,2435
53800;0;121,2435
53833;0;121,2435
53867;0;121,2435
53900;0;121,2435
53933;0;121,2435
53967;0;121,2435
54000;0;121,2435
54033;0;121,2435
54067;0;121,2435
54100;0;121,2435
54133;1;121,2435
54167;0;120,6704
54200;0;120,6704
54233;0;120,6704
54267;0;120,6704
54300;0;120
54333;0;120
54367;0;120
54400;0;120
54433;0;120
54467;0;120
54500;0;120
54533;0;120
54567;0;120
54600;1;120
54633;0;120
54667;0;120
54700;0;120
54733;0;120
54767;0;120
54800;0;120
54833;0;120
54867;0;120
54900;0;120
54933;0;120
54967;0;120
55000;0;120
55033;0;120
55067;0;120
55100;1;120
55133;0;120
55167;0;120
55200;0;120
55233;0;120
55267;0;120
55300;0;120
55333;0;120
55367;0;120
55400;0;120
55433;0;120
55467;0;120
55500;0;120
55533;0;120
55567;0;120
55600;1;120
55633;0;119,337
55667;0;119,337
55700;0;119,337
55733;0;119,337
55767;0;119,337
55800;0;119,337
55833;0;120,6186
55867;0;120,6186
55900;0;120,6186
55933;0;120,6186
55967;0;120,6186
56000;0;120,6186
56033;0;120,6186
56067;1;120,6186
56100;0;120
56133;0;120
56167;0;121,2435
56200;0;121,2435
56233;0;121,2435
56267;0;121,2435
56300;0;121,2435
56333;0;121,2435
56367;0;121,2435
56400;0;121,2435
56433;0;121,2435
56467;0;121,2435
56500;0;121,2435
56533;1;121,2435
56567;0;121,3483
56600;0;121,3483
56633;0;121,3483
56667;0;121,2435
56700;0;121,2435
56733;0;121,2435
56767;0;121,2435
56800;0;121,2435
56833;0;121,2435
56867;0;121,2435
56900;0;121,2435
56933;0;121,2435
56967;0;121,2435
57000;0;121,2435
57033;1;121,2435
57067;0;121,3483
57100;0;121,3483
57133;0;121,3483
57167;0;121,2435
57200;0;121,2435
57233;0;121,2435
57267;0;121,2435
57300;0;121,2435
57333;0;121,2435
57367;0;121,2435
57400;0;121,2435
57433;0;121,2435
57467;0;121,2435
57500;0;121,2435
57533;1;121,2435
57567;0;121,3483
57600;0;121,3483
57633;0;121,3483
57667;0;121,2435
57700;0;121,2435
57733;0;121,2435
57767;0;121,2435
57800;0;121,2435
57833;0;121,2435
57867;0;121,2435
57900;0;121,2435
57933;0;121,2435
57967;0;121,2435
58000;0;121,2435
58033;1;121,2435
58067;0;121,3483
58100;0;121,3483
58133;0;121,3483
58167;0;121,2435
58200;0;121,2435
58233;0;121,2435
58267;0;121,2435
58300;0;121,2435
58333;0;121,2435
58367;0;121,2435
58400;0;121,2435
58433;0;121,2435
58467;0;121,2435
58500;0;121,2435
58533;1;121,2435
58567;0;121,3483
58600;0;121,3483
58633;0;121,3483
58667;0;121,3483
58700;0;120,6186
58733;0;120,6186
58767;0;120,6186
58800;0;120,6186
58833;0;120,6186
58867;0;120,6186
58900;0;120,6186
58933;0;120,6186
58967;0;120,6186
59000;0;120,6186
59033;1;120,6186
59067;0;120,6704
59100;0;120,6704
59133;0;120,6704
59167;0;120,6704
59200;0;120,6186
59233;0;120,6186
59267;0;120
59300;0;120
59333;0;120
59367;0;120
59400;0;120
59433;0;120
59467;0;120
59500;0;120
59533;1;120
59567;0;120,6704
59600;0;120,6704
59633;0;120,6704
59667;0;120,6704
59700;0;121,2435
59733;0;121,2435
59767;0;121,2435
59800;0;121,2435
59833;0;121,2435
59867;0;121,2435
59900;0;121,2435
59933;0;121,2435
59967;0;121,2435
60000;0;121,2435
60033;0;121,2435
60067;1;121,2435
60100;0;121,3483
60133;0;121,3483
60167;0;121,3483
60200;0;121,2435
60233;0;121,2435
60267;0;121,2435
60300;0;121,2435
60333;0;121,2435
60367;0;121,2435
60400;0;121,2435
60433;0;121,2435
60467;0;121,2435
60500;0;121,2435
60533;0;121,2435
60567;1;121,2435
60600;0;122,0339
60633;0;122,0339
60667;0;122,0339
60700;0;122,0339
60733;0;121,2435
60767;0;121,2435
60800;0;121,2435
60833;0;121,2435
60867;0;121,2435
60900;0;121,2435
60933;0;121,2435
60967;0;121,2435
61000;0;121,2435
61033;0;121,2435
61067;0;121,2435
61100;1;121,2435
61133;0;121,3483
61167;0;121,3483
61200;0;121,875
61233;0;121,875
61267;0;121,875
61300;0;121,875
61333;0;121,875
61367;0;121,875
61400;0;121,875
61433;0;121,875
61467;0;121,875
61500;0;121,875
61533;0;121,875
61567;0;121,875
61600;1;121,875
61633;0;122,0339
61667;0;122,0339
61700;0;121,875
61733;0;121,875
61767;0;121,875
61800;0;121,875
61833;0;121,875
61867;0;121,875
61900;0;121,875
61933;0;121,875
61967;0;121,875
62000;0;121,875
62033;0;121,875
62067;0;121,875
62100;1;121,875
62133;0;120,6704
62167;0;121,2435
62200;0;121,2435
62233;0;121,2435
62267;0;121,2435
62300;0;121,2435
62333;0;121,2435
62367;0;121,2435
62400;0;121,2435
62433;0;121,2435
62467;0;121,2435
62500;0;121,2435
62533;1;121,2435
62567;0;120
62600;0;120
62633;0;120,6186
62667;0;120,6186
62700;0;120,6186
62733;0;120,6186
62767;0;120,6186
62800;0;120,6186
62833;0;120,6186
62867;0;120,6186
62900;0;120,6186
62933;0;120,6186
62967;1;120,6186
63000;0;120,6704
63033;0;120,6704
63067;0;120,6704
63100;0;120,6704
63133;0;120,6704
63167;0;120
63200;0;120
63233;0;120
63267;0;120
63300;0;120
63333;0;120
63367;0;120
63400;0;120
63433;0;120
63467;1;120
63500;0;120
63533;0;120
63567;0;120
63600;0;120
63633;0;120
63667;0;120
63700;0;120
63733;0;120
63767;0;120
63800;0;120
63833;0;120
63867;0;120
63900;0;120
63933;0;115,2709
63967;1;115,2709
64000;0;114,8936
64033;0;114,8936
64067;0;114,8936
64100;0;114,8936
64133;0;114,8936
64167;0;114,8936
64200;0;114,8936
64233;0;114,8936
64267;0;114,8936
64300;0;114,8936
64333;0;114,8936
64367;0;114,8936
64400;0;114,8936
64433;0;115,2709
64467;1;115,2709
64500;0;114,8936
64533;0;114,8936
64567;0;114,8936
64600;0;114,8936
64633;0;114,8936
64667;0;114,8936
64700;0;114,8936
64733;0;114,8936
64767;0;114,8936
64800;0;114,8936
64833;0;114,8936
64867;0;114,8936
64900;0;114,8936
64933;0;115,2709
64967;1;115,2709
65000;0;115,508
65033;0;115,508
65067;0;115,508
65100;0;115,508
65133;0;115,508
65167;0;115,508
65200;0;115,508
65233;0;115,508
65267;0;116,129
65300;0;116,129
65333;0;116,129
65367;0;116,129
65400;0;116,129
65433;0;116,7568
65467;0;116,7568
65500;1;116,7568
65533;0;113,924
65567;0;113,924
65600;0;113,924
65633;0;114,6497
65667;0;114,6497
65700;0;102,0619
65733;0;102,0619
65767;0;102,0619
65800;0;102,0619
65833;0;102,0619
65867;0;102,0619
65900;0;102,0619
65933;0;102,0619
65967;0;102,0619
66000;0;92,78351
66033;1;92,78351
66067;0;90
66100;0;90
66133;0;90
66167;0;90
66200;0;90
66233;0;90
66267;0;90
66300;0;90
66333;0;90
66367;0;90
66400;0;90
66433;0;90
66467;0;90
66500;1;90
66533;0;87,27273
66567;0;87,27273
66600;0;87,27273
66633;0;87,27273
66667;0;87,27273
66700;0;87,27273
66733;0;82,65306
66767;0;82,65306
66800;0;82,65306
66833;0;82,65306
66867;0;82,65306
66900;0;82,65306
66933;0;82,65306
66967;0;82,65306
67000;1;82,65306
67033;0;79,55801
67067;0;79,55801
67100;0;79,55801
67133;0;79,55801
67167;0;79,55801
67200;0;79,55801
67233;0;79,55801
67267;0;79,55801
67300;0;79,55801
67333;0;79,55801
67367;0;79,55801
67400;0;79,55801
67433;0;79,55801
67467;0;79,55801
67500;1;79,55801
67533;0;76,82927
67567;0;76,82927
67600;0;76,82927
67633;0;76,82927
67667;0;76,82927
67700;0;76,82927
67733;0;76,82927
67767;0;76,82927
67800;0;73,46939
67833;0;73,46939
67867;0;64,28571
67900;0;64,28571
67933;0;64,28571
67967;0;64,28571
68000;0;64,28571
68033;0;64,28571
68067;1;64,28571
68100;0;59,01639
68133;0;59,01639
68167;0;59,01639
68200;0;59,01639
68233;0;59,34066
68267;0;59,34066
68300;0;59,34066
68333;0;59,34066
68367;0;59,34066
68400;0;59,34066
68433;0;59,34066
68467;0;59,34066
68500;1;59,34066
68533;0;58,44156
68567;0;58,44156
68600;0;58,44156
68633;0;58,44156
68667;0;58,44156
68700;0;58,44156
68733;0;58,44156
68767;0;58,44156
68800;0;58,37838
68833;0;58,37838
68867;0;58,37838
68900;0;58,37838
68933;0;58,37838
68967;0;58,37838
69000;0;58,37838
69033;0;58,37838
69067;0;58,37838
69100;0;58,37838
69133;0;58,37838
69167;0;58,37838
69200;0;58,37838
69233;0;58,37838
69267;0;58,37838
69300;0;58,37838
69333;0;58,37838
69367;0;58,37838
69400;0;58,37838
69433;1;58,37838
69467;0;58,82353
69500;0;58,82353
69533;0;58,82353
69567;0;58,82353
69600;0;58,82353
69633;0;58,82353
69667;0;58,82353
69700;0;58,82353
69733;0;58,82353
69767;0;59,34066
69800;0;59,34066
69833;0;59,01639
69867;0;59,01639
69900;0;59,01639
69933;0;59,01639
69967;0;59,01639
70000;0;59,01639
70033;0;59,01639
70067;0;59,01639
70100;0;59,01639
70133;0;59,01639
70167;0;59,01639
70200;0;59,01639
70233;0;59,01639
70267;0;59,01639
70300;0;59,01639
70333;0;59,01639
70367;0;59,01639
70400;0;58,69565
70433;0;58,69565
70467;1;58,69565
70500;1;59,01639
70533;0;58,06452
70567;0;58,06452
70600;0;58,06452
70633;0;58,06452
70667;0;58,06452
70700;0;58,06452
70733;0;58,06452
70767;0;58,06452
70800;0;58,06452
70833;0;58,06452
70867;0;58,06452
70900;0;58,06452
70933;0;58,06452
70967;0;58,06452
71000;0;58,06452
71033;0;58,06452
71067;0;58,06452
71100;0;58,06452
71133;0;58,06452
71167;0;58,06452
71200;0;58,06452
71233;0;58,06452
71267;0;58,06452
71300;0;58,06452
71333;0;58,06452
71367;0;58,06452
71400;0;58,06452
71433;1;58,06452
71467;0;58,06452
71500;0;58,06452
71533;0;58,06452
71567;0;58,06452
71600;0;58,06452
71633;0;58,06452
71667;0;55,55556
71700;0;55,55556
71733;0;55,55556
71767;0;55,55556
71800;0;55,55556
71833;0;55,21473
71867;0;55,21473
71900;0;54,87805
71933;0;54,87805
71967;0;54,87805
72000;0;54,87805
72033;0;54,87805
72067;0;54,87805
72100;0;54,87805
72133;0;54,87805
72167;0;54,87805
72200;0;54,87805
72233;0;54,87805
72267;0;54,87805
72300;0;54,87805
72333;0;54,87805
72367;0;54,87805
72400;0;54,87805
72433;1;54,87805
72467;0;54,54546
72500;0;54,54546
72533;0;54,54546
72567;0;54,54546
72600;0;54,13534
72633;0;54,13534
72667;0;54,13534
72700;0;53,73134
72733;0;53,73134
72767;0;53,73134
72800;0;53,73134
72833;0;53,73134
72867;0;53,73134
72900;0;48,12834
72933;0;48,12834
72967;0;48,12834
73000;0;48,12834
73033;0;48,12834
73067;0;48,12834
73100;0;48,12834
73133;0;48,12834
73167;0;48,12834
73200;0;48,12834
73233;0;48,12834
73267;0;48,12834
73300;0;48,12834
73333;0;48,12834
73367;0;48,12834
73400;0;48,12834
73433;0;48,12834
73467;1;48,12834
73500;0;46,15385
73533;0;46,15385
73567;0;46,15385
73600;0;46,15385
73633;0;46,15385
73667;0;46,15385
73700;0;46,15385
73733;0;46,15385
73767;0;46,15385
73800;0;46,15385
73833;0;46,15385
73867;0;46,15385
73900;0;46,15385
73933;0;46,15385
73967;0;47,87234
74000;0;47,87234
74033;0;47,87234
74067;0;47,87234
74100;0;47,87234
74133;0;47,87234
74167;0;47,87234
74200;0;47,87234
74233;0;47,87234
74267;0;47,87234
74300;0;47,87234
74333;0;47,87234
74367;0;47,87234
74400;0;47,87234
74433;0;47,87234
74467;0;47,87234
74500;1;47,87234
74533;0;45,85987
74567;0;45,85987
74600;0;45,85987
74633;0;45,85987
74667;0;45,85987
74700;0;45,85987
74733;0;45,85987
74767;0;45,85987
74800;0;45,85987
74833;0;45,85987
74867;0;45,85987
74900;0;45,85987
74933;0;45,85987
74967;0;45,85987
75000;0;45,85987
75033;0;45,85987
75067;0;45,85987
75100;0;47,12042
75133;0;47,12042
75167;0;47,12042
75200;0;47,12042
75233;0;47,12042
75267;0;47,12042
75300;0;47,12042
75333;0;47,12042
75367;0;47,12042
75400;0;47,12042
75433;0;47,12042
75467;0;47,12042
75500;0;47,12042
75533;1;47,12042
75567;0;45
75600;0;45
75633;0;45
75667;0;45
75700;0;45
75733;0;45
75767;0;45
75800;0;45
75833;0;45
75867;0;45
75900;0;45
75933;0;45
75967;0;45
76000;0;45
76033;0;47,87234
76067;0;47,87234
76100;0;47,87234
76133;0;47,87234
76167;0;47,87234
76200;0;47,87234
76233;0;47,87234
76267;0;47,87234
76300;0;47,87234
76333;0;47,87234
76367;0;47,87234
76400;0;47,87234
76433;0;47,87234
76467;0;47,87234
76500;0;47,87234
76533;0;47,87234
76567;1;47,87234
76600;0;49,65517
76633;0;49,65517
76667;0;49,65517
76700;0;49,65517
76733;0;49,65517
76767;0;50
76800;0;50
76833;0;50
76867;0;50
76900;0;50
76933;0;50
76967;0;52,02312
77000;0;52,02312
77033;0;52,02312
77067;0;52,02312
77100;0;52,02312
77133;0;52,02312
77167;0;51,72414
77200;0;51,72414
77233;0;51,72414
77267;0;51,72414
77300;0;51,72414
77333;0;51,72414
77367;0;51,72414
77400;0;51,72414
77433;0;51,72414
77467;0;51,72414
77500;0;51,72414
77533;0;51,72414
77567;0;51,72414
77600;0;51,72414
77633;0;51,72414
77667;0;51,72414
77700;0;51,72414
77733;0;51,72414
77767;0;51,72414
77800;0;51,72414
77833;0;51,72414
77867;0;51,72414
77900;0;51,72414
77933;0;51,72414
77967;1;52,94118
78000;0;59,21053
78033;0;59,21053
78067;0;59,21053
78100;0;59,21053
78133;0;59,21053
78167;0;59,21053
78200;0;58,82353
78233;0;58,82353
78267;0;58,82353
78300;0;58,82353
78333;0;58,82353
78367;0;58,82353
78400;0;58,82353
78433;0;58,82353
78467;0;58,82353
78500;0;58,82353
78533;0;58,82353
78567;0;58,82353
78600;0;58,82353
78633;0;58,82353
78667;0;58,82353
78700;0;58,82353
78733;0;58,82353
78767;0;58,82353
78800;0;58,82353
78833;0;58,82353
78867;0;58,82353
78900;0;58,82353
78933;0;58,82353
78967;0;58,82353
79000;0;58,82353
79033;0;58,82353
79067;0;58,37838
79100;0;58,69565
79133;0;58,69565
79167;0;58,69565
79200;0;58,69565
79233;0;58,69565
79267;0;58,69565
79300;0;58,69565
79333;0;58,69565
79367;0;58,69565
79400;0;58,69565
79433;0;58,69565
79467;0;58,69565
79500;0;58,69565
79533;0;58,69565
79567;0;58,37838
79600;0;58,37838
79633;0;58,37838
79667;0;58,37838
79700;1;58,37838
79733;0;58,06452
79767;0;58,06452
79800;0;58,06452
79833;0;58,06452
79867;0;58,06452
79900;0;58,06452
79933;0;58,06452
79967;0;58,06452
80000;0;58,06452
80033;0;58,06452
80067;0;58,06452
80100;0;58,37838
80133;0;58,37838
80167;0;58,37838
80200;0;58,37838
80233;0;58,37838
80267;0;58,37838
80300;0;58,37838
80333;0;58,37838
80367;0;58,37838
80400;0;58,37838
80433;0;58,37838
80467;0;58,37838
80500;0;58,37838
80533;0;58,37838
80567;0;58,37838
80600;0;58,06452
80633;0;58,06452
80667;0;58,06452
80700;1;58,06452
80733;0;58,82353
80767;0;58,82353
80800;0;58,82353
80833;0;58,82353
80867;0;58,82353
80900;0;58,82353
80933;0;58,82353
80967;0;58,82353
81000;0;58,82353
81033;0;58,82353
81067;0;58,82353
81100;0;58,82353
81133;0;58,82353
81167;0;58,06452
81200;0;58,06452
81233;0;58,06452
81267;0;58,06452
81300;0;58,06452
81333;0;58,06452
81367;0;58,06452
81400;0;58,06452
81433;0;58,06452
81467;0;58,06452
81500;0;58,06452
81533;0;58,06452
81567;0;58,06452
81600;0;58,06452
81633;0;58,06452
81667;0;58,06452
81700;0;58,06452
81733;0;58,06452
81767;1;58,06452
81800;0;58,06452
81833;0;58,06452
81867;0;58,06452
81900;0;58,06452
81933;0;58,06452
81967;0;58,06452
82000;0;58,06452
82033;0;58,06452
82067;0;58,06452
82100;0;58,06452
82133;0;58,06452
82167;0;58,06452
82200;0;58,06452
82233;0;58,06452
82267;0;57,44681
82300;0;57,44681
82333;0;57,44681
82367;0;57,44681
82400;0;57,44681
82433;0;57,44681
82467;0;57,44681
82500;0;57,44681
82533;0;57,44681
82567;0;57,44681
82600;0;57,44681
82633;0;57,44681
82667;0;57,44681
82700;0;57,44681
82733;0;57,44681
82767;0;57,44681
82800;1;57,44681
82833;0;56,25
82867;0;56,25
82900;0;56,25
82933;0;56,25
82967;0;56,25
83000;0;56,25
83033;0;56,25
83067;0;56,25
83100;0;56,25
83133;0;56,25
83167;0;56,25
83200;0;56,25
83233;0;56,25
83267;0;56,84211
83300;0;56,84211
83333;0;56,84211
83367;0;56,84211
83400;0;56,84211
83433;0;56,84211
83467;0;56,84211
83500;0;56,84211
83533;0;56,84211
83567;0;56,84211
83600;0;56,84211
83633;0;56,84211
83667;0;56,84211
83700;0;56,84211
83733;1;56,84211
83767;0;56,96202
83800;0;56,96202
83833;0;57,32484
83867;0;57,32484
83900;0;57,32484
83933;0;57,32484
83967;0;57,32484
84000;0;57,32484
84033;0;57,32484
84067;0;57,32484
84100;0;57,32484
84133;0;57,32484
84167;0;57,32484
84200;0;57,32484
84233;0;57,32484
84267;0;57,32484
84300;0;57,32484
84333;0;56,84211
84367;0;56,84211
84400;0;56,84211
84433;0;56,84211
84467;0;56,84211
84500;0;56,84211
84533;0;56,84211
84567;0;56,84211
84600;0;56,84211
84633;0;56,84211
84667;0;56,84211
84700;0;56,84211
84733;0;56,84211
84767;0;56,84211
84800;1;56,84211
84833;0;56,96202
84867;0;56,96202
84900;0;56,96202
84933;0;56,96202
84967;0;56,96202
85000;0;56,96202
85033;0;56,60378
85067;0;56,60378
85100;0;56,60378
85133;0;56,60378
85167;0;56,60378
85200;0;56,60378
85233;0;56,60378
85267;0;56,60378
85300;0;57,44681
85333;0;57,44681
85367;0;57,44681
85400;0;57,44681
85433;0;57,44681
85467;0;57,44681
85500;0;57,44681
85533;0;57,44681
85567;0;57,44681
85600;0;57,44681
85633;0;57,44681
85667;0;57,44681
85700;0;57,44681
85733;0;57,44681
85767;0;57,44681
85800;0;57,44681
85833;1;57,44681
85867;0;57,32484
85900;0;57,32484
85933;0;57,32484
85967;0;57,32484
86000;0;57,32484
86033;0;57,32484
86067;0;57,32484
86100;0;59,66851
86133;0;59,66851
86167;0;59,66851
86200;0;59,66851
86233;0;59,66851
86267;0;59,34066
86300;0;59,34066
86333;0;59,34066
86367;0;59,34066
86400;0;59,34066
86433;0;59,34066
86467;0;59,34066
86500;0;59,34066
86533;0;59,34066
86567;0;59,34066
86600;0;59,34066
86633;0;59,34066
86667;0;59,34066
86700;0;59,34066
86733;0;59,34066
86767;0;59,34066
86800;0;59,34066
86833;0;59,34066
86867;1;59,34066
86900;0;60
86933;0;60
86967;0;60
87000;0;60
87033;0;60,40268
87067;0;60,67416
87100;0;60,67416
87133;0;61,01695
87167;0;61,01695
87200;0;61,01695
87233;0;61,01695
87267;0;60,67416
87300;0;61,01695
87333;0;61,01695
87367;0;61,01695
87400;0;61,01695
87433;0;61,01695
87467;0;61,01695
87500;0;61,01695
87533;0;61,01695
87567;0;61,01695
87600;0;61,01695
87633;0;61,01695
87667;0;61,01695
87700;0;61,01695
87733;0;61,01695
87767;0;61,01695
87800;0;61,01695
87833;0;61,01695
87867;0;61,01695
87900;0;61,01695
87933;1;61,01695
87967;0;61,22449
88000;0;61,22449
88033;0;61,01695
88067;0;61,01695
88100;0;61,01695
88133;0;61,01695
88167;0;61,01695
88200;0;61,01695
88233;0;61,01695
88267;0;61,01695
88300;0;61,01695
88333;0;61,01695
88367;0;61,01695
88400;0;61,01695
88433;0;61,01695
88467;0;61,01695
88500;0;61,01695
88533;0;61,01695
88567;0;61,01695
88600;0;61,01695
88633;0;61,01695
88667;0;61,01695
88700;0;61,01695
88733;0;61,01695
88767;0;61,01695
88800;0;61,01695
88833;0;61,01695
88867;0;61,01695
88900;0;61,01695
88933;1;61,01695
88967;0;61,22449
89000;0;61,36364
89033;0;61,36364
89067;0;61,36364
89100;0;61,36364
89133;0;61,36364
89167;0;61,36364
89200;0;61,36364
89233;0;61,36364
89267;0;61,36364
89300;0;61,36364
89333;0;61,36364
89367;0;61,36364
89400;0;61,36364
89433;0;61,36364
89467;0;61,36364
89500;0;61,36364
89533;0;61,36364
89567;0;61,36364
89600;0;61,36364
89633;0;61,36364
89667;0;61,36364
89700;0;61,36364
89733;0;61,36364
89767;0;61,01695
89800;0;61,01695
89833;0;61,01695
89867;0;61,01695
89900;1;61,01695
89933;1;61,36364
89967;0;63,52941
90000;0;63,52941
90033;0;63,52941
90067;0;63,52941
90100;0;63,52941
90133;0;63,52941
90167;0;63,52941
90200;0;63,52941
90233;0;63,52941
90267;0;63,52941
90300;0;63,52941
90333;0;63,52941
90367;0;63,52941
90400;0;63,52941
90433;0;63,52941
90467;0;63,52941
90500;0;63,52941
90533;0;63,52941
90567;0;63,52941
90600;0;63,52941
90633;0;63,52941
90667;0;63,52941
90700;0;63,52941
90733;0;63,52941
90767;0;63,52941
90800;0;63,52941
90833;0;63,52941
90867;0;63,52941
90900;0;63,63636
90933;0;63,31658
90967;0;63,31658
91000;0;63,63636
91033;0;63,31658
91067;0;63,31658
91100;1;63,31658
91133;0;63,52941
91167;0;63,52941
91200;0;63,52941
91233;0;63,52941
91267;0;63,52941
91300;0;63,52941
91333;0;63,52941
91367;0;63,52941
91400;0;63,52941
91433;0;63,52941
91467;0;63,52941
91500;0;63,52941
91533;0;63,52941
91567;0;63,52941
91600;0;63,52941
91633;0;63,52941
91667;0;63,52941
91700;0;63,52941
91733;0;63,52941
91767;0;63,52941
91800;0;63,52941
91833;0;63,52941
91867;0;63,52941
91900;0;63,52941
91933;0;63
91967;0;63
92000;0;63
92033;0;63
92067;1;63
92100;0;61,71429
92133;0;61,71429
92167;0;61,71429
92200;0;61,71429
92233;0;61,71429
92267;0;62,06897
92300;0;62,06897
92333;0;62,06897
92367;0;62,06897
92400;0;62,06897
92433;0;62,06897
92467;0;62,06897
92500;0;62,06897
92533;0;62,06897
92567;0;62,06897
92600;0;62,06897
92633;0;62,06897
92667;0;62,06897
92700;0;62,06897
92733;0;62,06897
92767;0;62,06897
92800;0;62,42775
92833;0;62,42775
92867;0;62,42775
92900;0;62,06897
92933;1;62,06897
92967;0;61,71429
93000;0;61,71429
93033;0;61,71429
93067;0;61,71429
93100;0;61,71429
93133;0;61,71429
93167;0;61,71429
93200;0;61,71429
93233;0;61,71429
93267;0;61,71429
93300;0;61,71429
93333;0;61,71429
93367;0;61,71429
93400;0;61,71429
93433;0;61,71429
93467;0;61,71429
93500;0;62,06897
93533;0;62,06897
93567;0;62,06897
93600;0;62,06897
93633;0;62,06897
93667;0;62,06897
93700;0;62,06897
93733;0;62,06897
93767;0;51,72414
93800;0;51,72414
93833;0;51,72414
93867;0;53,20197
93900;1;53,20197
93933;0;52,94118
93967;0;52,94118
94000;0;52,94118
94033;0;52,94118
94067;0;52,94118
94100;0;52,94118
94133;0;53,25444
94167;0;53,25444
94200;0;53,25444
94233;0;53,25444
94267;0;53,25444
94300;0;53,25444
94333;0;53,25444
94367;0;53,25444
94400;0;53,25444
94433;0;53,25444
94467;0;53,57143
94500;0;53,57143
94533;0;53,89222
94567;0;53,89222
94600;0;53,89222
94633;0;53,89222
94667;0;53,89222
94700;0;56,25
94733;0;56,25
94767;0;56,25
94800;0;56,25
94833;0;56,25
94867;0;56,25
94900;0;56,25
94933;0;56,25
94967;0;56,25
95000;0;56,5445
95033;0;56,5445
95067;0;56,84211
95100;0;56,84211
95133;1;56,84211
95167;0;56,60378
95200;0;56,60378
95233;0;56,60378
95267;0;56,60378
95300;0;56,60378
95333;0;56,60378
95367;0;56,60378
95400;0;56,60378
95433;0;56,60378
95467;0;56,60378
95500;0;56,60378
95533;0;56,60378
95567;0;56,60378
95600;0;57,75401
95633;0;57,75401
95667;0;57,75401
95700;0;57,75401
95733;0;57,75401
95767;0;57,75401
95800;0;57,75401
95833;0;57,75401
95867;0;57,75401
95900;0;57,75401
95933;0;57,75401
95967;0;57,75401
96000;0;57,75401
96033;0;57,75401
96067;0;57,75401
96100;0;57,75401
96133;0;57,75401
96167;1;57,75401
96200;0;62,5
96233;0;62,5
96267;0;67,92453
96300;0;67,5
96333;0;67,5
96367;0;67,5
96400;0;67,5
96433;0;62,06897
96467;0;62,06897
96500;0;62,06897
96533;0;62,42775
96567;0;62,42775
96600;0;62,42775
96633;0;62,42775
96667;0;62,42775
96700;0;62,42775
96733;0;62,42775
96767;0;62,42775
96800;0;62,42775
96833;0;62,42775
96867;0;62,42775
96900;0;62,42775
96933;0;62,42775
96967;0;62,42775
97000;0;62,42775
97033;0;62,42775
97067;0;62,42775
97100;0;62,42775
97133;0;62,42775
97167;0;62,42775
97200;0;62,42775
97233;0;62,42775
97267;0;62,42775
97300;0;62,42775
97333;0;62,06897
97367;0;62,06897
97400;0;62,06897
97433;0;62,06897
97467;0;62,06897
97500;0;62,06897
97533;1;62,06897
97567;0;62,06897
97600;0;62,06897
97633;0;60,67416
97667;0;60,67416
97700;0;60,67416
97733;0;60,67416
97767;0;60,67416
97800;0;60,33519
97833;0;60,33519
97867;0;60,33519
97900;0;60,33519
97933;0;60,33519
97967;0;60,33519
98000;0;60,33519
98033;0;60,33519
98067;0;60,33519
98100;0;60,33519
98133;0;60,33519
98167;0;60,33519
98200;0;60,33519
98233;0;60,33519
98267;0;60,33519
98300;0;60,33519
98333;0;60,33519
98367;0;60,33519
98400;0;60,33519
98433;0;60,33519
98467;1;60,33519
98500;0;63,38028
98533;0;63,38028
98567;0;63,38028
98600;0;63,38028
98633;0;63,38028
98667;0;63,38028
98700;0;63,38028
98733;0;61,71429
98767;0;61,71429
98800;0;61,71429
98833;0;61,71429
98867;0;61,71429
98900;0;61,71429
98933;0;61,71429
98967;0;61,71429
99000;0;61,71429
99033;0;61,71429
99067;0;61,71429
99100;0;61,71429
99133;0;61,71429
99167;0;61,71429
99200;0;61,71429
99233;0;61,71429
99267;0;61,71429
99300;0;61,71429
99333;0;61,71429
99367;0;61,71429
99400;0;61,71429
99433;0;61,71429
99467;0;61,71429
99500;0;61,71429
99533;0;61,71429
99567;0;61,71429
99600;0;61,71429
99633;0;61,71429
99667;0;61,71429
99700;1;61,71429
99733;0;61,64384
99767;0;61,64384
99800;0;63,90533
99833;0;64,28571
99867;0;64,28571
99900;0;69,61326
99933;0;69,61326
99967;0;69,61326
100000;0;69,61326
100033;0;69,61326
100067;0;69,61326
100100;0;70
100133;0;70
100167;0;70
100200;0;70
100233;0;70
100267;0;70
100300;0;70
100333;0;70
100367;0;70
100400;0;73,46939
100433;0;73,46939
100467;0;73,46939
100500;0;73,46939
100533;0;73,09644
100567;0;73,09644
100600;0;73,09644
100633;1;73,09644
100667;0;74,11765
100700;0;74,11765
100733;0;74,11765
100767;0;74,11765
100800;0;74,11765
100833;0;74,11765
100867;0;78,26087
100900;0;78,26087
100933;0;78,26087
100967;0;88,04348
101000;0;88,04348
101033;0;88,52459
101067;0;98,36066
101100;0;98,36066
101133;0;98,36066
101167;0;98,36066
101200;0;98,36066
101233;0;98,36066
101267;0;98,36066
101300;0;98,36066
101333;0;98,36066
101367;0;98,36066
101400;0;98,36066
101433;0;98,36066
101467;0;100
101500;0;100
101533;0;100
101567;1;100
101600;1;100,5076
101633;0;116,4706
101667;0;116,4706
101700;0;116,4706
101733;0;117,1598
101767;0;117,1598
101800;0;117,1598
101833;0;117,1598
101867;0;117,3913
101900;0;117,3913
101933;0;117,3913
101967;0;117,3913
102000;0;117,3913
102033;0;117,3913
102067;0;117,3913
102100;0;117,3913
102133;0;117,3913
102167;0;117,3913
102200;0;117,3913
102233;0;117,3913
102267;0;117,3913
102300;0;117,3913
102333;0;118,1818
102367;0;118,1818
102400;0;118,1818
102433;0;118,1818
102467;0;118,1818
102500;0;118,1818
102533;1;118,1818
102567;0;120
102600;0;120
102633;0;120
102667;0;120
102700;0;120
102733;0;120
102767;0;120
102800;0;120
102833;0;120
102867;0;119,3878
102900;0;119,3878
102933;0;119,3878
102967;0;119,3878
103000;0;119,3878
103033;0;119,3878
103067;0;119,3878
103100;0;119,3878
103133;1;119,3878
103167;0;120
103200;0;120
103233;0;120
103267;0;120
103300;0;120
103333;0;120
103367;0;120
103400;0;119,3878
103433;0;119,3878
103467;0;119,3878
103500;0;119,3878
103533;0;119,3878
103567;0;119,3878
103600;0;119,3878
103633;0;119,3878
103667;1;119,3878
103700;0;120
103733;0;120
103767;0;120
103800;0;120
103833;0;120
103867;0;120
103900;0;120
103933;0;120
103967;0;120
104000;0;120
104033;0;120
104067;0;120
104100;0;120
104133;0;120
104167;0;120
104200;1;120
104233;0;120
104267;0;120
104300;0;120
104333;0;120
104367;0;120
104400;0;120
104433;0;119,3878
104467;0;119,3878
104500;0;119,3878
104533;0;119,3878
104567;0;119,3878
104600;0;119,3878
104633;0;119,3878
104667;0;119,3878
104700;1;119,3878
104733;0;119,337
104767;0;119,337
104800;0;119,337
104833;0;119,337
104867;0;119,337
104900;0;120
104933;0;120
104967;0;120
105000;0;120
105033;0;120
105067;0;120
105100;0;120
105133;0;120
105167;0;120
105200;1;120
105233;0;119,337
105267;0;119,337
105300;0;119,337
105333;0;119,337
105367;0;119,337
105400;0;119,3878
105433;0;119,3878
105467;0;119,3878
105500;0;119,3878
105533;0;119,3878
105567;0;119,3878
105600;0;119,3878
105633;0;119,3878
105667;1;119,3878
105700;0;119,337
105733;0;119,337
105767;0;119,337
105800;0;119,337
105833;0;120,6186
105867;0;120,6186
105900;0;120,6186
105933;0;120,6186
105967;0;120,6186
106000;0;120,6186
106033;0;120,6186
106067;0;120,6186
106100;0;120,6186
106133;0;120,6186
106167;1;120,6186
106200;0;120,6704
106233;0;120,6704
106267;0;120,6704
106300;0;120,6704
106333;0;120,6704
106367;0;120,6704
106400;0;121,2435
106433;0;121,2435
106467;0;121,2435
106500;0;121,2435
106533;0;121,2435
106567;0;121,2435
106600;0;121,2435
106633;0;121,2435
106667;1;121,2435
106700;0;122,0339
106733;0;123,1579
106767;0;123,1579
106800;0;123,1579
106833;0;123,1579
106867;0;123,1579
106900;0;123,1579
106933;0;123,1579
106967;0;123,1579
107000;0;123,1579
107033;0;123,1579
107067;0;123,1579
107100;0;123,1579
107133;0;123,1579
107167;0;123,1579
107200;1;124,7525
107233;0;124,4681
107267;0;124,4681
107300;0;124,4681
107333;0;124,4681
107367;0;124,4681
107400;0;124,4681
107433;0;124,4681
107467;0;124,4681
107500;0;124,4681
107533;0;124,4681
107567;0;124,4681
107600;0;124,7525
107633;0;124,7525
107667;1;124,7525
107700;0;125,1337
107733;0;125,1337
107767;0;125,1337
107800;0;125,1337
107833;0;125,1337
107867;0;125,1337
107900;0;125,1337
107933;0;125,1337
107967;0;125,1337
108000;0;125,1337
108033;0;125,1337
108067;0;125,1337
108100;0;124,7525
108133;0;124,7525
108167;1;124,7525
108200;0;125,1337
108233;0;125,1337
108267;0;125,1337
108300;0;125,1337
108333;0;125,1337
108367;0;125,1337
108400;0;125,1337
108433;0;125,1337
108467;0;125,1337
108500;0;125,1337
108533;0;125,1337
108567;0;125,1337
108600;0;125,1337
108633;0;125,1337
108667;1;125,1337
108700;0;124,8555
108733;0;124,8555
108767;0;124,8555
108800;0;124,8555
108833;0;124,8555
108867;0;124,8555
108900;0;114,4509
108933;0;114,4509
108967;0;114,4509
109000;0;113,7931
109033;0;113,7931
109067;0;113,7931
109100;0;113,7931
109133;1;105,8824
109167;0;105,3191
109200;0;105,3191
109233;0;105,3191
109267;0;105,3191
109300;0;105,3191
109333;0;105,3191
109367;0;105,3191
109400;0;105,3191
109433;0;105,3191
109467;0;105,3191
109500;0;95,74468
109533;0;95,74468
109567;0;95,74468
109600;0;95,74468
109633;0;95,74468
109667;1;95,74468
109700;0;93,64162
109733;0;93,64162
109767;0;93,64162
109800;0;93,64162
109833;0;93,64162
109867;0;93,64162
109900;0;93,64162
109933;0;93,64162
109967;0;93,64162
110000;0;93,64162
110033;0;93,64162
110067;0;93,64162
110100;0;93,64162
110133;0;93,64162
110167;1;93,64162
110200;0;91,71974
110233;0;91,71974
110267;0;91,71974
110300;0;91,71974
110333;0;91,71974
110367;0;91,71974
110400;0;91,71974
110433;0;91,71974
110467;0;91,71974
110500;0;91,71974
110533;0;91,71974
110567;0;91,71974
110600;0;91,71974
110633;0;91,71974
110667;0;91,71974
110700;1;91,71974
110733;0;88,73239
110767;0;88,73239
110800;0;88,73239
110833;0;76,05634
110867;0;76,05634
110900;0;76,05634
110933;0;76,05634
110967;0;76,05634
111000;0;76,05634
111033;0;63,31658
111067;0;63,31658
111100;0;63,31658
111133;0;63,31658
111167;0;63,31658
111200;1;63,31658
111233;0;59,01639
111267;0;59,01639
111300;0;59,01639
111333;0;59,01639
111367;0;59,01639
111400;0;59,01639
111433;0;59,01639
111467;0;59,01639
111500;0;59,01639
111533;0;59,01639
111567;0;59,01639
111600;0;49,18033
111633;0;49,18033
111667;0;49,18033
111700;0;49,18033
111733;1;49,18033
111767;0;50,34965
111800;0;50,34965
111833;0;50,34965
111867;0;50,34965
111900;0;50,34965
111933;0;50,34965
111967;0;50,34965
112000;0;50,34965
112033;0;50,34965
112067;0;50,34965
112100;0;50,34965
112133;0;50,34965
112167;0;50,84746
112200;0;50,84746
112233;0;50,84746
112267;0;50,84746
112300;0;50,84746
112333;0;50,5618
112367;0;50,5618
112400;0;50,5618
112433;0;50,5618
112467;0;50,5618
112500;0;50,5618
112533;0;50,5618
112567;0;50,5618
112600;0;50,5618
112633;0;50,5618
112667;0;50,5618
112700;0;50,5618
112733;0;50,27933
112767;0;50,27933
112800;0;50,27933
112833;0;50,27933
112867;0;50,27933
112900;0;50,27933
112933;0;50,27933
112967;0;50,27933
113000;0;50,27933
113033;1;50,27933
113067;0;48
113100;0;48
113133;0;48
113167;0;48
113200;0;48
113233;0;48
113267;0;48
113300;0;48
113333;0;48
113367;0;48
113400;0;48
113433;0;47,87234
113467;0;47,87234
113500;0;47,87234
113533;0;47,87234
113567;0;47,87234
113600;0;47,87234
113633;0;48,12834
113667;0;48,12834
113700;0;48,12834
113733;0;48,12834
113767;0;48,12834
113800;0;48,12834
113833;0;48,12834
113867;0;48,12834
113900;0;48,12834
113933;0;48,12834
113967;1;48,12834
114000;0;45,85987
114033;0;45,85987
114067;0;45,85987
114100;0;45,85987
114133;0;45,85987
114167;0;45,85987
114200;0;45,85987
114233;0;45,85987
114267;0;45,85987
114300;0;45,85987
114333;0;45,85987
114367;0;45,85987
114400;0;45,85987
114433;0;45,85987
114467;0;47,61905
114500;0;47,61905
114533;0;47,61905
114567;0;47,61905
114600;0;47,61905
114633;0;47,61905
114667;0;47,61905
114700;0;47,61905
114733;0;47,61905
114767;0;47,61905
114800;0;47,61905
114833;0;47,61905
114867;0;47,61905
114900;0;47,61905
114933;0;47,61905
114967;1;47,61905
115000;0;45
115033;0;45
115067;0;45
115100;0;45
115133;0;45
115167;0;45
115200;0;45
115233;0;45
115267;0;45
115300;0;45
115333;0;45
115367;0;45
115400;0;45
115433;0;45
115467;0;45
115500;0;45
115533;0;46,875
115567;0;46,875
115600;0;46,875
115633;0;46,875
115667;0;46,875
115700;0;46,875
115733;0;46,875
115767;0;46,875
115800;0;46,875
115833;0;46,875
115867;0;46,875
115900;0;46,875
115933;1;46,875
115967;0;54,21687
116000;0;54,21687
116033;0;54,21687
116067;0;54,21687
116100;0;54,21687
116133;0;54,21687
116167;0;54,21687
116200;0;54,21687
116233;0;54,21687
116267;0;54,21687
116300;0;54,21687
116333;0;54,21687
116367;0;54,21687
116400;0;54,21687
116433;0;54,21687
116467;0;55,6701
116500;0;55,6701
116533;0;55,6701
116567;0;55,6701
116600;0;55,6701
116633;0;55,6701
116667;0;55,38462
116700;0;55,38462
116733;0;55,38462
116767;1;55,38462
116800;1;55,6701
116833;0;54,87805
116867;0;54,87805
116900;0;54,87805
116933;0;54,87805
116967;0;54,87805
117000;0;54,87805
117033;0;54,87805
117067;0;54,87805
117100;0;54,87805
117133;0;54,87805
117167;0;54,87805
117200;0;54,87805
117233;0;54,87805
117267;0;54,87805
117300;0;54,87805
117333;0;56,84211
117367;0;56,84211
117400;0;56,84211
117433;0;56,84211
117467;0;56,84211
117500;0;56,84211
117533;0;56,84211
117567;0;57,14286
117600;0;57,14286
117633;0;57,14286
117667;0;57,14286
117700;0;57,14286
117733;0;57,14286
117767;0;57,14286
117800;1;57,14286
117833;0;58,44156
117867;0;58,44156
117900;0;58,44156
117933;0;58,44156
117967;0;58,44156
118000;0;58,44156
118033;0;58,44156
118067;0;58,44156
118100;0;58,44156
118133;0;60,33519
118167;0;60,67416
118200;0;60,67416
118233;0;60,67416
118267;0;60,67416
118300;0;60,67416
118333;0;60,67416
118367;0;60,67416
118400;0;60,67416
118433;0;60,67416
118467;0;60,67416
118500;0;60,67416
118533;0;60,67416
118567;0;60,67416
118600;0;60,67416
118633;0;60,67416
118667;0;60,67416
118700;0;60,67416
118733;0;60,67416
118767;0;60,67416
118800;0;60,67416
118833;0;60,67416
118867;0;60,67416
118900;0;60,67416
118933;0;60,67416
118967;1;61,76471
119000;0;64,67066
119033;0;64,67066
119067;0;64,67066
119100;0;64,67066
119133;0;64,67066
119167;0;64,67066
119200;0;64,67066
119233;0;64,28571
119267;0;64,28571
119300;0;64,28571
119333;0;64,28571
119367;0;64,28571
119400;0;64,28571
119433;0;64,28571
119467;0;64,28571
119500;0;64,28571
119533;0;64,28571
119567;0;64,28571
119600;0;64,28571
119633;0;64,28571
119667;0;64,28571
119700;0;64,28571
119733;0;64,28571
119767;0;64,28571
119800;0;64,28571
119833;0;64,28571
119867;0;64,28571
119900;0;64,28571
119933;0;64,28571
119967;0;63,95939
120000;0;63,95939
120033;0;63,95939
120067;0;63,95939
120100;0;63,63636
120133;0;63,63636
120167;0;63,63636
120200;1;63,63636
120233;0;64,67066
120267;0;64,67066
120300;0;65,06024
120333;0;65,06024
120367;0;65,06024
120400;0;65,06024
120433;0;65,06024
120467;0;65,06024
120500;0;65,06024
120533;0;65,06024
120567;0;65,06024
120600;0;65,06024
120633;0;65,06024
120667;0;65,06024
120700;0;65,06024
120733;0;65,06024
120767;0;65,06024
120800;0;65,06024
120833;0;65,625
120867;0;65,625
120900;0;65,625
120933;0;65,625
120967;0;65,625
121000;0;65,625
121033;0;65,625
121067;0;65,625
121100;0;65,625
121133;0;65,625
121167;0;65,625
121200;0;65,625
121233;1;65,625
121267;0;67,5
121300;0;67,5
121333;0;67,5
121367;0;67,5
121400;0;67,5
121433;0;67,5
121467;0;67,5
121500;0;67,5
121533;0;67,5
121567;0;67,5
121600;0;67,5
121633;0;67,5
121667;0;67,5
121700;0;67,5
121733;0;67,74194
121767;0;67,74194
121800;0;67,74194
121833;0;67,74194
121867;0;67,74194
121900;0;67,74194
121933;0;67,74194
121967;0;67,74194
122000;0;67,74194
122033;0;67,74194
122067;0;67,74194
122100;0;67,74194
122133;0;67,74194
122167;0;67,74194
122200;0;68,10811
122233;0;68,10811
122267;0;68,10811
122300;0;68,10811
122333;1;68,10811
122367;0;68,78981
122400;0;68,78981
122433;0;68,78981
122467;0;68,78981
122500;0;68,78981
122533;0;68,78981
122567;0;68,78981
122600;0;68,78981
122633;0;68,78981
122667;0;67,74194
122700;0;67,74194
122733;0;67,74194
122767;0;67,74194
122800;0;67,74194
122833;0;67,74194
122867;0;67,74194
122900;0;67,74194
122933;0;67,74194
122967;0;67,74194
123000;0;67,74194
123033;0;67,74194
123067;0;67,74194
123100;0;67,74194
123133;0;67,74194
123167;0;67,74194
123200;0;67,74194
123233;0;67,74194
123267;1;67,74194
123300;0;67,5
123333;0;67,5
123367;0;69,61326
123400;0;69,61326
123433;0;69,61326
123467;0;67,5
123500;0;68,10811
123533;0;68,10811
123567;0;68,10811
123600;0;68,85246
123633;0;69,23077
123667;0;69,61326
123700;0;69,61326
123733;0;75
123767;0;75
123800;0;75
123833;0;75
123867;0;75
123900;0;75
123933;0;75
123967;0;75
124000;0;75
124033;0;75
124067;0;75
124100;1;74,6114
124133;0;75
124167;0;75
124200;0;75
124233;0;75
124267;0;79,12088
124300;0;79,12088
124333;0;79,12088
124367;0;79,12088
124400;0;79,12088
124433;0;79,12088
124467;0;79,12088
124500;0;79,12088
124533;0;79,12088
124567;0;79,12088
124600;0;79,12088
124633;0;79,12088
124667;0;79,12088
124700;0;82,23351
124733;0;82,23351
124767;0;82,23351
124800;0;82,23351
124833;0;82,23351
124867;0;82,23351
124900;0;82,23351
124933;1;82,23351
124967;0;84,21053
125000;0;84,21053
125033;0;84,21053
125067;0;83,72093
125100;0;83,72093
125133;0;87,56757
125167;0;87,56757
125200;0;87,56757
125233;0;87,56757
125267;0;107,027
125300;0;107,027
125333;0;107,027
125367;0;107,027
125400;0;107,027
125433;0;107,027
125467;0;107,027
125500;0;107,027
125533;0;107,027
125567;0;107,027
125600;0;107,027
125633;0;108
125667;0;108
125700;0;108,5427
125733;0;108,5427
125767;1;108,5427
125800;0;113,2076
125833;0;113,2076
125867;0;113,2076
125900;0;113,2076
125933;0;113,2076
125967;0;113,2076
126000;0;113,2076
126033;0;113,2076
126067;0;113,2076
126100;0;113,2076
126133;0;90,56604
126167;0;90,56604
126200;0;91,13924
126233;0;79,74683
126267;0;79,74683
126300;0;79,74683
126333;0;79,74683
126367;0;79,74683
126400;0;73,46939
126433;0;73,46939
126467;0;73,46939
126500;0;73,46939
126533;0;73,46939
126567;0;73,46939
126600;0;73,46939
126633;0;73,46939
126667;1;73,46939
126700;0;75,4491
126733;0;75,4491
126767;0;75,4491
126800;0;75,4491
126833;0;75,4491
126867;0;75,4491
126900;0;75,4491
126933;0;75,4491
126967;0;75,4491
127000;0;75,4491
127033;0;75,4491
127067;0;75,4491
127100;0;75,4491
127133;0;75,4491
127167;0;75,4491
127200;0;75,4491
127233;0;75,4491
127267;0;75,4491
127300;0;75,4491
127333;0;75,4491
127367;0;75,4491
127400;0;73,09644
127433;0;73,09644
127467;0;73,09644
127500;0;73,09644
127533;0;73,09644
127567;0;73,09644
127600;0;73,09644
127633;1;73,09644
127667;0;74,55621
127700;0;74,55621
127733;0;63,90533
127767;0;63,90533
127800;0;63,90533
127833;0;63,90533
127867;0;63,90533
127900;0;63,90533
127933;0;63,90533
127967;0;63,90533
128000;0;63,90533
128033;0;63,90533
128067;0;63,90533
128100;0;63,90533
128133;0;63,90533
128167;0;63,90533
128200;0;63,90533
128233;0;63,90533
128267;0;63,90533
128300;0;63,90533
128333;0;63,90533
128367;0;63,63636
128400;0;63,63636
128433;0;63,63636
128467;0;63,63636
128500;0;63,63636
128533;0;63,63636
128567;1;63,63636
128600;0;63,90533
128633;0;63,90533
128667;0;63,90533
128700;0;63,90533
128733;0;63,90533
128767;0;63,90533
128800;0;63,90533
128833;0;63,90533
128867;0;63,90533
128900;0;63,90533
128933;0;63,90533
128967;0;63,90533
129000;0;63,90533
129033;0;63,90533
129067;0;63,90533
129100;0;63,90533
129133;0;63,90533
129167;0;63,90533
129200;0;63,90533
129233;0;63,90533
129267;0;63,90533
129300;0;63,90533
129333;0;63,63636
129367;0;63,63636
129400;0;63,63636
129433;0;63,63636
129467;0;63,63636
129500;0;63,63636
129533;1;63,63636
129567;0;60
129600;0;60
129633;0;60
129667;0;60
129700;0;60
129733;0;60
129767;0;60
129800;0;60
129833;0;60
129867;0;60
129900;0;60
129933;0;60
129967;0;60
130000;0;60
130033;0;60
130067;0;60
130100;0;60
130133;1;60
130167;0;59,21053
130200;0;59,21053
130233;0;59,21053
130267;0;59,21053
130300;0;59,21053
130333;0;59,34066
130367;0;59,34066
130400;0;59,34066
130433;0;59,34066
130467;0;59,34066
130500;0;59,34066
130533;0;59,34066
130567;0;59,34066
130600;0;59,34066
130633;0;59,34066
130667;0;59,34066
130700;0;59,34066
130733;0;59,34066
130767;0;59,34066
130800;0;59,34066
130833;0;59,34066
130867;0;59,34066
130900;0;59,34066
130933;0;59,34066
130967;0;59,34066
131000;0;59,34066
131033;0;59,34066
131067;1;59,34066
131100;0;58,44156
131133;0;58,44156
131167;0;58,44156
131200;0;58,44156
131233;0;58,44156
131267;0;58,44156
131300;0;59,01639
131333;0;59,01639
131367;0;59,01639
131400;0;59,01639
131433;0;59,01639
131467;0;59,01639
131500;0;59,01639
131533;0;59,01639
131567;0;59,01639
131600;0;59,01639
131633;0;59,01639
131667;0;59,01639
131700;0;59,01639
131733;0;59,01639
131767;0;59,01639
131800;0;59,01639
131833;0;59,01639
131867;0;59,01639
131900;0;59,01639
131933;0;59,01639
131967;0;59,01639
132000;1;59,01639
132033;0;60,81081
132067;0;60,81081
132100;0;60,81081
132133;0;60,81081
132167;0;60,81081
132200;0;60,81081
132233;0;60,81081
132267;0;61,01695
132300;0;61,01695
132333;0;61,01695
132367;0;61,01695
132400;0;61,01695
132433;0;61,01695
132467;0;61,01695
132500;0;61,01695
132533;0;61,01695
132567;0;61,01695
132600;0;61,01695
132633;0;61,01695
132667;0;61,01695
132700;0;61,01695
132733;0;61,01695
132767;0;61,01695
132800;0;61,01695
132833;0;61,01695
132867;0;61,01695
132900;0;61,01695
132933;0;61,01695
132967;0;61,01695
133000;0;61,01695
133033;0;61,01695
133067;0;61,36364
133100;0;61,36364
133133;0;61,36364
133167;0;61,36364
133200;0;62,42775
133233;0;62,42775
133267;0;62,42775
133300;0;62,42775
133333;0;62,42775
133367;0;62,42775
133400;0;62,42775
133433;0;62,42775
133467;0;62,42775
133500;0;62,42775
133533;0;62,42775
133567;0;62,42775
133600;0;62,42775
133633;0;62,42775
133667;0;62,42775
133700;0;62,42775
133733;0;62,42775
133767;0;62,42775
133800;0;62,42775
133833;0;62,42775
133867;0;62,42775
133900;0;62,42775
133933;0;62,42775
133967;0;62,42775
134000;0;62,42775
134033;0;62,42775
134067;0;62,42775
134100;0;62,42775
134133;0;62,42775
134167;0;62,68657
134200;0;62,68657
134233;1;62,68657
134267;0;62,7907
134300;0;62,7907
134333;0;62,7907
134367;0;62,42775
134400;0;62,42775
134433;0;62,42775
134467;0;62,42775
134500;0;62,42775
134533;0;62,42775
134567;0;62,42775
134600;0;62,42775
134633;0;62,42775
134667;0;62,42775
134700;0;62,42775
134733;0;62,42775
134767;0;62,42775
134800;0;62,42775
134833;0;62,42775
134867;0;62,42775
134900;0;62,42775
134933;0;62,42775
134967;0;62,42775
135000;0;62,42775
135033;0;62,42775
135067;0;62,42775
135100;0;62,68657
135133;0;62,68657
135167;0;62,68657
135200;1;62,68657
135233;0;62,42775
135267;0;62,42775
135300;0;62,42775
135333;0;62,42775
135367;0;62,06897
135400;0;62,06897
135433;0;62,06897
135467;0;62,06897
135500;0;62,06897
135533;0;62,06897
135567;0;62,06897
135600;0;62,06897
135633;0;62,06897
135667;0;62,06897
135700;0;62,06897
135733;0;62,06897
135767;0;62,06897
135800;0;62,06897
135833;0;62,06897
135867;0;62,06897
135900;0;62,06897
135933;0;62,06897
135967;0;62,06897
136000;0;62,06897
136033;0;62,06897
136067;0;62,06897
136100;0;62,06897
136133;1;61,76471
136167;0;62,06897
136200;0;62,06897
136233;0;62,06897
136267;0;62,06897
136300;0;62,06897
136333;0;62,06897
136367;0;62,06897
136400;0;62,06897
136433;0;62,06897
136467;0;62,06897
136500;0;62,06897
136533;0;62,06897
136567;0;62,06897
136600;0;62,06897
136633;0;62,06897
136667;0;62,06897
136700;0;62,06897
136733;0;62,06897
136767;0;62,06897
136800;0;62,06897
136833;0;62,06897
136867;0;62,06897
136900;0;62,06897
136933;0;62,06897
136967;0;62,06897
137000;0;62,06897
137033;0;62,06897
137067;0;62,06897
137100;0;62,06897
137133;1;62,06897
137167;0;62,06897
137200;0;61,01695
137233;0;61,01695
137267;0;61,01695
137300;0;61,01695
137333;0;61,01695
137367;0;61,01695
137400;0;61,01695
137433;0;61,01695
137467;0;61,01695
137500;0;61,01695
137533;0;61,01695
137567;0;61,01695
137600;0;61,01695
137633;0;61,01695
137667;0;61,01695
137700;0;61,01695
137733;0;61,01695
137767;0;61,01695
137800;0;61,01695
137833;0;61,01695
137867;0;61,01695
137900;0;61,01695
137933;0;61,01695
137967;0;61,01695
138000;0;61,01695
138033;0;61,01695
138067;0;61,01695
138100;1;61,01695
138133;0;60,81081
138167;0;60,81081
138200;0;60,67416
138233;0;60,33519
138267;0;60,33519
138300;0;60,33519
138333;0;60,33519
138367;0;60,33519
138400;0;60,33519
138433;0;60,33519
138467;0;60,33519
138500;0;60,33519
138533;0;60,33519
138567;0;60,33519
138600;0;60,33519
138633;0;60,33519
138667;0;60,33519
138700;0;60,33519
138733;0;60,33519
138767;0;60,33519
138800;0;60,33519
138833;0;60,33519
138867;0;60,33519
138900;0;60,33519
138933;0;60,33519
138967;0;60,33519
139000;0;60,33519
139033;0;60,33519
139067;1;60,33519
139100;0;59,60265
139133;0;59,60265
139167;0;59,60265
139200;0;59,60265
139233;0;59,66851
139267;0;59,66851
139300;0;59,66851
139333;0;59,34066
139367;0;59,34066
139400;0;59,34066
139433;0;59,34066
139467;0;59,34066
139500;0;59,66851
139533;0;59,66851
139567;0;59,66851
139600;0;59,66851
139633;0;59,66851
139667;0;59,66851
139700;0;59,66851
139733;0;59,66851
139767;0;59,66851
139800;0;59,66851
139833;0;59,66851
139867;0;59,66851
139900;0;59,66851
139933;0;59,66851
139967;0;59,66851
140000;1;59,66851
140033;0;59,21053
140067;0;59,21053
140100;0;59,21053
140133;0;59,21053
140167;0;59,21053
140200;0;59,66851
140233;0;59,66851
140267;0;59,66851
140300;0;59,66851
140333;0;59,66851
140367;0;59,66851
140400;0;59,66851
140433;0;59,66851
140467;0;59,66851
140500;0;59,66851
140533;0;59,66851
140567;0;59,66851
140600;0;59,66851
140633;0;59,66851
140667;0;59,66851
140700;0;59,66851
140733;0;59,66851
140767;0;59,66851
140800;0;59,66851
140833;0;59,66851
140867;0;59,66851
140900;0;59,66851
140933;0;59,66851
140967;1;59,66851
141000;0;60
141033;0;60
141067;0;60
141100;0;61,01695
141133;0;61,01695
141167;0;61,01695
141200;0;61,01695
141233;0;61,01695
141267;0;61,01695
141300;0;61,01695
141333;0;61,01695
141367;0;61,01695
141400;0;61,01695
141433;0;61,01695
141467;0;61,01695
141500;0;61,01695
141533;0;61,01695
141567;0;61,01695
141600;0;61,01695
141633;0;61,01695
141667;0;61,01695
141700;0;61,01695
141733;0;61,01695
141767;0;61,01695
141800;0;61,01695
141833;0;61,01695
141867;0;61,01695
141900;0;61,01695
141933;0;61,01695
141967;0;61,01695
142000;1;61,01695
142033;0;60,40268
142067;0;60,67416
142100;0;60,67416
142133;0;60,67416
142167;0;60,67416
142200;0;60,67416
142233;0;60,67416
142267;0;60,67416
142300;0;60,67416
142333;0;60,67416
142367;0;60,67416
142400;0;60,67416
142433;0;60,67416
142467;0;60,67416
142500;0;61,01695
142533;0;61,01695
142567;0;61,01695
142600;0;61,01695
142633;0;61,01695
142667;0;61,01695
142700;0;61,01695
142733;0;61,01695
142767;0;61,01695
142800;0;61,01695
142833;0;61,01695
142867;0;61,01695
142900;0;61,01695
142933;0;61,01695
142967;1;61,01695
143000;0;61,64384
143033;0;61,22449
143067;0;61,22449
143100;0;61,22449
143133;0;61,22449
143167;0;60,33519
143200;0;60,33519
143233;0;60,33519
143267;0;60,33519
143300;0;60,33519
143333;0;60,33519
143367;0;60,33519
143400;0;60,33519
143433;0;60,33519
143467;0;60,33519
143500;0;60,33519
143533;0;60,33519
143567;0;60,33519
143600;0;60,33519
143633;0;60,33519
143667;0;60,33519
143700;0;60,33519
143733;0;60,33519
143767;0;60,33519
143800;0;60,33519
143833;0;60,33519
143867;0;60,33519
143900;0;60,33519
143933;0;60,33519
143967;0;60,33519
144000;1;60,33519
144033;0;60,81081
144067;0;61,71429
144100;0;61,71429
144133;0;61,71429
144167;0;61,71429
144200;0;61,71429
144233;0;61,71429
144267;0;61,71429
144300;0;61,71429
144333;0;61,71429
144367;0;61,71429
144400;0;61,71429
144433;0;61,71429
144467;0;61,71429
144500;0;61,71429
144533;0;61,71429
144567;0;61,71429
144600;0;61,71429
144633;0;61,71429
144667;0;61,71429
144700;0;61,71429
144733;0;61,71429
144767;0;61,71429
144800;0;61,71429
144833;0;61,71429
144867;0;61,71429
144900;0;61,71429
144933;0;61,71429
144967;0;62,37624
145000;0;62,37624
145033;1;62,37624
145067;0;63,15789
145100;0;63,15789
145133;0;63,15789
145167;0;63,15789
145200;0;63,15789
145233;0;63,15789
145267;0;63,15789
145300;0;63,15789
145333;0;63,15789
145367;0;63,15789
145400;0;63,15789
145433;0;63,15789
145467;0;63,15789
145500;0;63,15789
145533;0;63,15789
145567;0;63,15789
145600;0;63,15789
145633;0;63,15789
145667;0;63,15789
145700;0;63,15789
145733;0;63,15789
145767;0;63,15789
145800;0;63,15789
145833;0;63,15789
145867;0;63,15789
145900;0;63,15789
145933;0;63,15789
145967;0;63,15789
146000;0;63,15789
146033;0;63,15789
146067;1;63,15789
146100;0;63,90533
146133;0;63,90533
146167;0;63,90533
146200;0;63,90533
146233;0;63,90533
146267;0;63,90533
146300;0;63,90533
146333;0;63,90533
146367;0;63,90533
146400;0;63,90533
146433;0;63,90533
146467;0;63,90533
146500;0;66,66666
146533;0;66,66666
146567;0;66,66666
146600;0;66,66666
146633;0;66,66666
146667;0;66,66666
146700;0;66,66666
146733;0;66,66666
146767;0;66,66666
146800;0;66,66666
146833;0;66,66666
146867;0;66,66666
146900;0;66,66666
146933;0;66,66666
146967;0;66,66666
147000;1;66,66666
147033;0;66,66666
147067;0;66,66666
147100;0;66,66666
147133;0;66,66666
147167;0;66,66666
147200;0;66,66666
147233;0;66,66666
147267;0;66,66666
147300;0;66,66666
147333;0;66,66666
147367;0;66,66666
147400;0;66,66666
147433;0;66,31579
147467;0;66,31579
147500;0;66,31579
147533;0;66,31579
147567;0;66,31579
147600;0;66,31579
147633;0;66,31579
147667;0;66,31579
147700;0;66,31579
147733;0;66,31579
147767;0;66,31579
147800;0;66,31579
147833;0;66,31579
147867;0;66,31579
147900;1;66,31579
147933;0;67,5
147967;0;67,5
148000;0;67,5
148033;0;67,5
148067;0;67,5
148100;0;67,5
148133;0;67,5
148167;0;67,5
148200;0;67,5
148233;0;67,5
148267;0;67,5
148300;0;67,5
148333;0;67,5
148367;0;67,02128
148400;0;67,02128
148433;0;67,02128
148467;0;67,02128
148500;0;67,02128
148533;0;67,02128
148567;0;67,02128
148600;0;67,02128
148633;0;67,02128
148667;0;67,02128
148700;0;67,02128
148733;0;67,02128
148767;0;67,02128
148800;0;67,02128
148833;0;67,02128
148867;0;67,02128
148900;1;67,02128
148933;0;69,23077
148967;0;69,23077
149000;0;69,23077
149033;0;69,23077
149067;0;69,23077
149100;0;69,23077
149133;0;69,23077
149167;0;69,23077
149200;0;69,23077
149233;0;69,23077
149267;0;69,23077
149300;0;69,23077
149333;0;69,23077
149367;0;69,23077
149400;0;67,37968
149433;0;67,37968
149467;0;67,37968
149500;0;67,37968
149533;0;67,37968
149567;0;67,02128
149600;0;67,02128
149633;0;67,02128
149667;0;67,02128
149700;0;67,02128
149733;0;67,02128
149767;0;67,02128
149800;0;67,02128
149833;0;67,02128
149867;0;67,02128
149900;0;67,02128
149933;1;67,02128
149967;0;67,08074
150000;0;67,08074
150033;0;67,08074
150067;0;67,08074
150100;0;67,08074
150133;0;67,08074
150167;0;67,08074
150200;0;67,08074
150233;0;67,08074
150267;0;67,08074
150300;0;67,08074
150333;0;67,08074
150367;0;67,08074
150400;0;67,08074
150433;0;67,08074
150467;0;67,08074
150500;0;65,28497
150533;0;65,28497
150567;0;65,625
150600;0;65,625
150633;0;65,625
150667;0;65,625
150700;0;65,625
150733;0;65,625
150767;0;65,625
150800;0;65,625
150833;1;65,625
150867;0;65,85366
150900;0;65,85366
150933;0;65,85366
150967;0;67,66917
151000;0;67,66917
151033;0;67,66917
151067;0;59,01639
151100;0;59,01639
151133;0;59,01639
151167;0;59,01639
151200;0;59,01639
151233;0;59,01639
151267;0;58,69565
151300;0;58,69565
151333;0;58,69565
151367;0;58,69565
151400;0;58,69565
151433;0;58,69565
151467;0;58,69565
151500;0;58,69565
151533;0;58,69565
151567;0;58,69565
151600;0;58,69565
151633;0;58,69565
151667;0;58,69565
151700;0;58,69565
151733;0;58,69565
151767;1;58,69565
151800;0;57,32484
151833;0;57,32484
151867;0;57,32484
151900;0;57,32484
151933;0;57,32484
151967;0;57,32484
152000;0;57,32484
152033;0;57,32484
152067;0;57,32484
152100;0;57,32484
152133;0;57,32484
152167;0;57,14286
152200;0;57,14286
152233;0;57,14286
152267;0;57,14286
152300;0;57,14286
152333;0;57,14286
152367;0;57,14286
152400;0;57,14286
152433;0;57,14286
152467;0;57,14286
152500;0;57,14286
152533;0;57,14286
152567;0;57,14286
152600;0;57,14286
152633;0;57,14286
152667;1;57,14286
152700;0;52,94118
152733;0;52,94118
152767;0;52,94118
152800;0;52,94118
152833;0;52,94118
152867;0;52,94118
152900;0;52,94118
152933;0;52,94118
152967;0;52,94118
153000;0;52,94118
153033;0;52,94118
153067;0;52,94118
153100;0;52,94118
153133;0;54,27136
153167;0;54,27136
153200;0;54,27136
153233;0;54,27136
153267;0;54,27136
153300;1;54,27136
153333;0;52,32558
153367;0;52,32558
153400;0;52,32558
153433;0;52,32558
153467;0;52,32558
153500;0;52,32558
153533;0;52,32558
153567;0;52,32558
153600;0;52,32558
153633;0;52,32558
153667;0;52,32558
153700;0;52,32558
153733;0;52,32558
153767;0;52,32558
153800;0;52,32558
153833;0;52,32558
153867;0;52,32558
153900;0;52,32558
153933;0;52,32558
153967;0;52,32558
154000;0;52,32558
154033;0;52,32558
154067;0;52,32558
154100;0;52,32558
154133;0;53,46535
154167;0;53,46535
154200;1;53,46535
154233;0;52,02312
154267;0;52,02312
154300;0;52,02312
154333;0;52,02312
154367;0;52,02312
154400;0;52,02312
154433;0;52,02312
154467;0;52,02312
154500;0;52,02312
154533;0;52,02312
154567;0;52,02312
154600;0;52,02312
154633;0;52,02312
154667;0;52,02312
154700;0;52,02312
154733;0;52,02312
154767;0;52,02312
154800;0;52,02312
154833;0;52,02312
154867;0;52,02312
154900;0;52,02312
154933;0;52,02312
154967;0;52,02312
155000;0;52,02312
155033;0;52,02312
155067;0;52,02312
155100;0;52,02312
155133;0;53,20197
155167;1;53,20197
155200;0;52,32558
155233;0;52,32558
155267;0;52,32558
155300;0;52,32558
155333;0;52,32558
155367;0;52,63158
155400;0;52,63158
155433;0;52,63158
155467;0;52,63158
155500;0;52,63158
155533;0;52,63158
155567;0;52,63158
155600;0;52,63158
155633;0;52,32558
155667;0;62,7907
155700;0;62,7907
155733;0;62,7907
155767;0;62,7907
155800;0;62,7907
155833;0;62,7907
155867;0;62,7907
155900;0;62,7907
155933;0;62,7907
155967;0;63,95939
156000;0;63,95939
156033;0;63,95939
156067;0;63,95939
156100;0;62,7907
156133;0;63,95939
156167;0;63,95939
156200;1;63,95939
156233;0;65,06024
156267;0;65,06024
156300;0;65,06024
156333;0;65,06024
156367;0;65,06024
156400;0;65,06024
156433;0;65,06024
156467;0;65,06024
156500;0;65,06024
156533;0;65,06024
156567;0;65,06024
156600;0;65,06024
156633;0;65,06024
156667;0;65,06024
156700;0;65,06024
156733;0;65,45454
156767;0;65,45454
156800;0;65,45454
156833;0;65,45454
156867;0;65,45454
156900;0;65,45454
156933;0;65,45454
156967;0;65,45454
157000;0;65,45454
157033;0;65,45454
157067;0;68,10811
157100;0;68,10811
157133;0;68,10811
157167;0;68,10811
157200;0;68,10811
157233;1;68,10811
157267;0;65,85366
157300;0;65,85366
157333;0;65,85366
157367;0;65,85366
157400;0;65,85366
157433;0;65,85366
157467;0;65,85366
157500;0;65,85366
157533;0;65,85366
157567;0;65,28497
157600;0;65,625
157633;0;65,625
157667;0;65,625
157700;0;65,625
157733;0;65,625
157767;0;65,625
157800;0;65,625
157833;0;65,625
157867;0;65,625
157900;0;65,625
157933;1;65,625
157967;0;67,5
158000;0;67,5
158033;0;67,5
158067;0;67,5
158100;0;67,5
158133;0;67,5
158167;0;67,5
158200;0;67,5
158233;0;67,5
158267;0;67,5
158300;0;67,5
158333;0;67,5
158367;0;67,5
158400;0;67,5
158433;0;67,5
158467;0;67,5
158500;0;57,14286
158533;0;57,14286
158567;0;57,14286
158600;0;57,14286
158633;0;57,14286
158667;0;57,14286
158700;0;57,14286
158733;0;57,14286
158767;0;57,14286
158800;0;57,14286
158833;0;57,14286
158867;0;57,14286
158900;0;57,14286
158933;0;66,66666
158967;0;66,66666
159000;1;66,66666
159033;0;67,5
159067;0;67,5
159100;0;67,5
159133;0;67,5
159167;0;67,5
159200;0;67,5
159233;0;67,5
159267;0;67,5
159300;0;67,5
159333;0;67,5
159367;0;67,5
159400;0;67,37968
159433;0;67,02128
159467;0;67,02128
159500;0;67,02128
159533;0;67,02128
159567;0;67,02128
159600;0;67,02128
159633;0;67,37968
159667;0;67,37968
159700;0;67,37968
159733;0;67,37968
159767;0;67,37968
159800;0;67,37968
159833;0;67,37968
159867;0;67,37968
159900;0;67,37968
159933;0;67,37968
159967;1;67,37968
160000;0;68,78981
160033;0;68,78981
160067;0;68,78981
160100;0;68,35443
160133;0;68,35443
160167;0;68,35443
160200;0;68,35443
160233;0;68,35443
160267;0;68,35443
160300;0;68,35443
160333;0;68,35443
160367;0;67,74194
160400;0;67,74194
160433;0;67,74194
160467;0;67,74194
160500;0;67,74194
160533;0;67,74194
160567;0;67,74194
160600;0;67,74194
160633;0;67,74194
160667;0;67,74194
160700;0;67,74194
160733;0;67,74194
160767;0;67,74194
160800;0;67,74194
160833;0;67,74194
160867;0;67,74194
160900;0;67,74194
160933;1;67,74194
160967;0;68,78981
161000;0;68,78981
161033;0;68,78981
161067;0;68,78981
161100;0;68,78981
161133;0;68,78981
161167;0;68,78981
161200;0;68,78981
161233;0;68,78981
161267;0;68,10811
161300;0;68,10811
161333;0;68,10811
161367;0;68,10811
161400;0;68,10811
161433;0;68,10811
161467;0;68,10811
161500;0;68,10811
161533;0;68,10811
161567;0;68,10811
161600;0;68,10811
161633;0;68,10811
161667;0;68,10811
161700;0;68,10811
161733;0;68,10811
161767;0;68,10811
161800;0;68,10811
161833;0;68,10811
161867;0;68,10811
161900;1;68,10811
161933;0;67,92453
161967;0;67,92453
162000;0;67,92453
162033;0;67,92453
162067;0;67,92453
162100;0;67,92453
162133;0;67,92453
162167;0;67,92453
162200;0;67,37968
162233;0;67,37968
162267;0;67,37968
162300;0;67,37968
162333;0;67,37968
162367;0;67,37968
162400;0;67,37968
162433;0;67,37968
162467;0;67,37968
162500;0;67,37968
162533;0;67,37968
162567;0;67,37968
162600;0;67,37968
162633;0;67,37968
162667;0;67,37968
162700;0;67,37968
162733;0;67,37968
162767;1;67,37968
162800;0;67,5
162833;0;67,5
162867;0;67,5
162900;0;67,92453
162933;0;67,92453
162967;0;67,92453
163000;0;67,92453
163033;0;67,92453
163067;0;67,92453
163100;0;67,92453
163133;0;67,37968
163167;0;67,37968
163200;0;67,37968
163233;0;67,37968
163267;0;67,37968
163300;0;67,37968
163333;0;67,37968
163367;0;67,37968
163400;0;67,37968
163433;0;67,37968
163467;0;67,37968
163500;0;67,37968
163533;0;67,37968
163567;0;67,37968
163600;0;67,37968
163633;0;67,37968
163667;0;67,37968
163700;1;67,37968
163733;0;65,06024
163767;0;68,10811
163800;0;68,10811
163833;0;68,47826
163867;0;68,47826
163900;0;68,47826
163933;0;68,47826
163967;0;68,47826
164000;0;68,47826
164033;0;68,47826
164067;0;68,47826
164100;0;68,47826
164133;0;68,47826
164167;0;68,47826
164200;0;68,85246
164233;0;68,85246
164267;0;68,85246
164300;0;68,85246
164333;0;72
164367;0;72
164400;0;72
164433;0;72
164467;1;72
164500;1;72,36181
164533;0;71,18644
164567;0;71,18644
164600;0;71,18644
164633;0;71,18644
164667;0;71,18644
164700;0;71,18644
164733;0;71,18644
164767;0;71,18644
164800;0;75,39267
164833;0;75,39267
164867;0;75,39267
164900;0;75,39267
164933;0;75,39267
164967;0;75
165000;0;75
165033;0;75
165067;0;75
165100;0;75
165133;0;84,375
165167;0;84,375
165200;1;84,375
165233;0;87,80488
165267;0;87,80488
165300;0;90,50279
165333;0;90,50279
165367;0;90,50279
165400;0;90,50279
165433;0;90,50279
165467;0;90,50279
165500;0;90,50279
165533;0;90,50279
165567;0;90,50279
165600;0;90,50279
165633;0;90,50279
165667;0;90,50279
165700;0;90,50279
165733;0;90,50279
165767;0;93,26425
165800;0;93,26425
165833;0;93,26425
165867;0;93,26425
165900;0;92,78351
165933;0;92,78351
165967;0;92,78351
166000;0;92,78351
166033;0;92,78351
166067;0;92,78351
166100;1;92,78351
166133;0;98,18182
166167;0;98,18182
166200;0;98,18182
166233;0;98,18182
166267;0;98,18182
166300;0;99,44752
166333;0;109,3923
166367;0;109,3923
166400;0;108,7912
166433;0;108,7912
166467;0;108,7912
166500;0;108,7912
166533;0;108,7912
166567;0;108,7912
166600;0;109,3923
166633;0;109,3923
166667;0;109,3923
166700;0;109,3923
166733;0;109,3923
166767;0;109,3923
166800;0;110,2041
166833;0;110,2041
166867;0;110,2041
166900;0;110,2041
166933;0;110,2041
166967;0;110,2041
167000;0;110,2041
167033;0;110,2041
167067;1;110,2041
167100;0;117,8571
167133;0;117,8571
167167;0;117,8571
167200;0;117,8571
167233;0;117,8571
167267;0;117,8571
167300;0;118,0328
167333;0;118,0328
167367;0;118,6813
167400;0;108,7912
167433;0;108,7912
167467;0;108,7912
167500;0;108,7912
167533;0;109,3923
167567;0;109,3923
167600;0;109,3923
167633;0;109,3923
167667;0;109,3923
167700;0;109,3923
167733;0;109,3923
167767;0;109,3923
167800;0;109,3923
167833;0;109,3923
167867;0;109,3923
167900;0;109,3923
167933;0;109,3923
167967;0;109,3923
168000;1;109,3923
168033;0;108,4337
168067;0;108,4337
168100;0;108,4337
168133;0;108,4337
168167;0;102,0619
168200;0;102,0619
168233;0;101,1236
168267;0;101,1236
168300;0;101,1236
168333;0;101,1236
168367;0;101,1236
168400;0;101,1236
168433;0;101,1236
168467;0;101,1236
168500;0;100,5587
168533;0;100,5587
168567;0;100,5587
168600;0;100,5587
168633;0;100,5587
168667;0;100,5587
168700;0;100,5587
168733;0;100,5587
168767;0;100,5587
168800;0;100,5587
168833;0;100,5587
168867;0;100,5587
168900;0;100,5587
168933;0;100,5587
168967;0;100,5587
169000;0;100,5587
169033;1;100,5587
169067;0;98,78049
169100;0;98,78049
169133;0;98,78049
169167;0;93,26425
169200;0;91,01124
169233;0;91,01124
169267;0;91,01124
169300;0;91,01124
169333;0;91,01124
169367;0;91,01124
169400;0;91,01124
169433;0;91,01124
169467;0;91,01124
169500;0;91,01124
169533;0;91,01124
169567;0;80,89888
169600;0;80,89888
169633;0;80,89888
169667;0;80,89888
169700;0;80,89888
169733;0;80,89888
169767;0;80,89888
169800;0;80,89888
169833;0;80,89888
169867;0;80,89888
169900;0;80,89888
169933;0;80,89888
169967;0;80,89888
170000;0;80,89888
170033;1;80,89888
170067;0;77,77778
170100;0;75,78947
170133;0;75,78947
170167;0;75,78947
170200;0;75,78947
170233;0;75,78947
170267;0;75,78947
170300;0;75,78947
170333;0;75,78947
170367;0;76,19048
170400;0;76,19048
170433;0;76,19048
170467;0;66,66666
170500;0;66,66666
170533;0;66,66666
170567;1;66,66666
170600;0;62,7907
170633;0;62,7907
170667;0;62,7907
170700;0;62,7907
170733;0;62,7907
170767;0;62,7907
170800;0;62,7907
170833;0;64,61539
170867;0;64,61539
170900;0;64,61539
170933;0;64,61539
170967;0;64,61539
171000;0;64,61539
171033;0;64,61539
171067;0;64,61539
171100;0;64,61539
171133;1;64,61539
171167;0;65,06024
171200;0;65,06024
171233;0;65,06024
171267;0;65,06024
171300;0;65,06024
171333;0;65,06024
171367;0;65,06024
171400;0;65,06024
171433;0;65,06024
171467;0;65,06024
171500;0;65,06024
171533;0;65,06024
171567;0;65,06024
171600;0;65,06024
171633;0;66,31579
171667;0;65,96859
171700;0;65,96859
171733;0;65,96859
171767;0;65,96859
171800;0;65,96859
171833;0;65,96859
171867;0;65,96859
171900;0;65,96859
171933;0;65,96859
171967;0;65,96859
172000;0;65,96859
172033;0;66,31579
172067;0;66,31579
172100;1;66,31579
172133;0;67,08074
172167;0;67,08074
172200;0;67,08074
172233;0;67,08074
172267;0;67,08074
172300;0;67,08074
172333;0;67,08074
172367;0;67,08074
172400;0;67,08074
172433;0;67,08074
172467;0;67,08074
172500;0;67,08074
172533;0;67,02128
172567;0;67,02128
172600;0;67,02128
172633;0;67,02128
172667;0;67,02128
172700;0;67,02128
172733;0;67,02128
172767;0;67,02128
172800;0;67,02128
172833;0;67,02128
172867;0;67,02128
172900;0;67,02128
172933;0;67,02128
172967;0;67,02128
173000;0;67,02128
173033;0;67,02128
173067;1;67,02128
173100;0;67,92453
173133;0;67,92453
173167;0;67,92453
173200;0;67,92453
173233;0;67,92453
173267;0;67,92453
173300;0;67,92453
173333;0;67,92453
173367;0;67,92453
173400;0;67,92453
173433;0;67,92453
173467;0;67,92453
173500;0;67,37968
173533;0;67,37968
173567;0;67,37968
173600;0;67,02128
173633;0;67,02128
173667;0;67,02128
173700;0;67,02128
173733;0;67,02128
173767;0;67,02128
173800;0;67,02128
173833;0;67,02128
173867;0;67,02128
173900;0;67,02128
173933;0;67,02128
173967;0;67,02128
174000;0;67,02128
174033;1;67,02128
174067;0;68,35443
174100;0;68,35443
174133;0;68,35443
174167;0;68,35443
174200;0;68,35443
174233;0;68,35443
174267;0;68,35443
174300;0;68,35443
174333;0;68,78981
174367;0;68,78981
174400;0;68,78981
174433;0;68,78981
174467;0;68,78981
174500;0;68,78981
174533;0;66,66666
174567;0;66,66666
174600;0;66,66666
174633;0;66,66666
174667;0;66,66666
174700;0;66,66666
174733;0;66,66666
174767;0;66,66666
174800;0;66,66666
174833;0;66,66666
174867;0;66,66666
174900;0;66,66666
174933;0;66,66666
174967;0;66,66666
175000;0;66,66666
175033;1;66,66666
175067;0;66,66666
175100;0;66,66666
175133;0;66,66666
175167;0;66,66666
175200;0;66,66666
175233;0;66,66666
175267;0;66,66666
175300;0;66,66666
175333;0;66,66666
175367;0;66,66666
175400;0;66,66666
175433;0;66,66666
175467;0;66,66666
175500;0;66,66666
175533;0;66,66666
175567;0;66,66666
175600;0;64,94846
175633;0;64,94846
175667;0;64,94846
175700;0;64,94846
175733;0;64,94846
175767;0;64,94846
175800;0;64,94846
175833;0;64,94846
175867;0;64,94846
175900;0;64,94846
175933;1;64,94846
175967;0;64,67066
176000;0;64,67066
176033;0;64,67066
176067;0;64,67066
176100;0;64,67066
176133;0;64,67066
176167;0;64,67066
176200;0;64,67066
176233;0;64,67066
176267;0;64,67066
176300;0;64,67066
176333;0;64,67066
176367;0;64,67066
176400;0;64,67066
176433;0;64,67066
176467;0;64,67066
176500;0;64,67066
176533;0;64,67066
176567;0;64,28571
176600;0;64,28571
176633;0;64,28571
176667;0;64,28571
176700;0;64,28571
176733;0;64,28571
176767;0;64,28571
176800;0;64,28571
176833;1;64,28571
176867;0;63,15789
176900;0;63,15789
176933;0;63,15789
176967;0;63,15789
177000;0;63,15789
177033;0;63,15789
177067;0;63,15789
177100;0;63,15789
177133;0;63,15789
177167;0;63,15789
177200;0;63,15789
177233;0;63,15789
177267;0;63,15789
177300;0;63,15789
177333;0;63,15789
177367;0;63,15789
177400;0;63,15789
177433;0;63,15789
177467;0;63,15789
177500;0;63,15789
177533;0;63
177567;0;63
177600;0;63
177633;0;63
177667;1;62,68657
177700;0;61,36364
177733;0;61,36364
177767;0;61,36364
177800;0;61,36364
177833;0;61,36364
177867;0;61,36364
177900;0;61,36364
177933;0;61,36364
177967;0;61,36364
178000;0;61,36364
178033;0;61,36364
178067;0;61,36364
178100;0;61,36364
178133;0;61,36364
178167;0;61,36364
178200;0;61,36364
178233;0;61,36364
178267;0;61,36364
178300;0;61,36364
178333;0;61,36364
178367;0;61,36364
178400;0;61,36364
178433;0;61,36364
178467;0;61,01695
178500;1;61,01695
178533;0;59,21053
178567;0;59,21053
178600;0;59,21053
178633;0;59,21053
178667;0;59,21053
178700;0;58,37838
178733;0;58,37838
178767;0;58,37838
178800;0;58,37838
178833;0;58,37838
178867;0;58,37838
178900;0;58,37838
178933;0;58,06452
178967;0;58,06452
179000;0;58,06452
179033;0;58,06452
179067;0;58,06452
179100;0;58,06452
179133;0;58,06452
179167;0;58,06452
179200;0;58,06452
179233;0;58,06452
179267;0;58,06452
179300;0;58,06452
179333;1;58,06452
179367;0;56,96202
179400;0;56,96202
179433;0;56,96202
179467;0;56,96202
179500;0;56,96202
179533;0;56,96202
179567;0;56,96202
179600;0;56,96202
179633;0;56,96202
179667;0;56,96202
179700;0;56,96202
179733;0;56,96202
179767;0;56,96202
179800;0;56,96202
179833;0;56,5445
179867;0;56,5445
179900;0;56,5445
179933;0;56,5445
179967;0;56,5445
180000;0;56,5445
180033;0;56,5445
180067;0;56,5445
180100;0;56,5445
180133;0;56,5445
180167;0;56,5445
180200;0;56,5445
180233;0;56,5445
180267;1;56,5445
180300;0;56,96202
180333;0;56,96202
180367;0;56,96202
180400;0;56,96202
180433;0;56,96202
180467;0;56,96202
180500;0;56,96202
180533;0;56,96202
180567;0;56,96202
180600;0;56,96202
180633;0;56,96202
180667;0;56,96202
180700;0;56,96202
180733;0;56,96202
180767;0;56,96202
180800;0;56,96202
180833;0;57,44681
180867;0;57,44681
180900;0;57,44681
180933;0;57,44681
180967;0;57,44681
181000;0;57,44681
181033;0;57,44681
181067;0;57,44681
181100;0;57,44681
181133;0;57,44681
181167;0;57,44681
181200;0;57,44681
181233;0;57,44681
181267;0;57,44681
181300;0;57,44681
181333;0;57,44681
181367;1;57,44681
181400;0;57,32484
181433;0;57,32484
181467;0;57,32484
181500;0;57,32484
181533;0;57,32484
181567;0;57,32484
181600;0;57,32484
181633;0;57,32484
181667;0;57,32484
181700;0;57,32484
181733;0;57,32484
181767;0;57,32484
181800;0;57,32484
181833;0;57,32484
181867;0;57,32484
181900;0;57,14286
181933;0;57,14286
181967;0;57,14286
182000;0;57,14286
182033;0;57,14286
182067;0;57,14286
182100;0;57,14286
182133;0;57,14286
182167;0;57,14286
182200;0;57,14286
182233;0;57,14286
182267;0;57,14286
182300;0;57,14286
182333;0;57,14286
182367;0;57,14286
182400;1;57,14286
182433;0;56,25
182467;0;56,25
182500;0;56,25
182533;0;56,25
182567;0;56,25
182600;0;56,25
182633;0;56,25
182667;0;56,25
182700;0;56,25
182733;0;56,60378
182767;0;56,60378
182800;0;56,60378
182833;0;56,60378
182867;0;56,60378
182900;0;56,60378
182933;0;56,84211
182967;0;56,84211
183000;0;56,84211
183033;0;56,84211
183067;0;56,84211
183100;0;56,84211
183133;0;56,84211
183167;0;56,84211
183200;0;56,84211
183233;0;56,84211
183267;0;56,84211
183300;0;56,84211
183333;0;56,84211
183367;0;56,84211
183400;1;56,84211
183433;0;56,96202
183467;0;57,32484
183500;0;57,32484
183533;0;57,32484
183567;0;57,32484
183600;0;57,32484
183633;0;57,32484
183667;0;57,32484
183700;0;57,32484
183733;0;57,32484
183767;0;57,32484
183800;0;57,32484
183833;0;57,32484
183867;0;57,32484
183900;0;57,32484
183933;0;57,75401
183967;0;57,75401
184000;0;57,75401
184033;0;57,75401
184067;0;57,75401
184100;0;57,75401
184133;0;57,75401
184167;0;57,75401
184200;0;57,75401
184233;0;57,75401
184267;0;57,75401
184300;0;57,75401
184333;0;57,75401
184367;0;57,75401
184400;0;58,06452
184433;0;58,06452
184467;0;58,06452
184500;0;58,06452
184533;1;58,06452
184567;0;58,06452
184600;0;58,06452
184633;0;58,06452
184667;0;58,06452
184700;0;58,06452
184733;0;58,06452
184767;0;58,06452
184800;0;58,06452
184833;0;58,06452
184867;0;58,06452
184900;0;58,06452
184933;0;58,37838
184967;0;58,37838
185000;0;58,37838
185033;0;58,37838
185067;0;58,37838
185100;0;58,37838
185133;0;58,37838
185167;0;58,37838
185200;0;58,06452
185233;0;58,06452
185267;0;58,06452
185300;0;58,06452
185333;0;58,06452
185367;0;58,06452
185400;0;58,06452
185433;0;58,06452
185467;0;58,06452
185500;0;58,06452
185533;0;58,06452
185567;1;58,06452
185600;0;58,06452
185633;0;58,06452
185667;0;58,06452
185700;0;58,44156
185733;0;58,44156
185767;0;58,44156
185800;0;58,44156
185833;0;58,44156
185867;0;58,44156
185900;0;58,44156
185933;0;58,69565
185967;0;58,69565
186000;0;58,69565
186033;0;58,69565
186067;0;58,69565
186100;0;58,69565
186133;0;58,69565
186167;0;58,69565
186200;0;58,69565
186233;0;58,69565
186267;0;58,69565
186300;0;58,69565
186333;0;58,69565
186367;0;58,69565
186400;0;58,69565
186433;0;58,69565
186467;0;58,69565
186500;0;58,69565
186533;0;58,69565
186567;0;58,69565
186600;1;58,69565
186633;0;58,44156
186667;0;58,44156
186700;0;58,44156
186733;0;58,44156
186767;0;58,44156
186800;0;58,44156
186833;0;58,44156
186867;0;58,44156
186900;0;58,44156
186933;0;58,44156
186967;0;58,44156
187000;0;58,06452
187033;0;57,75401
187067;0;57,75401
187100;0;57,75401
187133;0;57,75401
187167;0;57,75401
187200;0;57,75401
187233;0;57,75401
187267;0;57,75401
187300;0;57,75401
187333;0;57,75401
187367;0;57,75401
187400;0;57,75401
187433;0;57,75401
187466;0;57,75401
187500;0;57,75401
187533;0;57,75401
187566;0;57,75401
187600;1;57,75401
187633;0;57,75401
187666;0;57,75401
187700;0;57,75401
187733;0;57,75401
187766;0;57,75401
187800;0;57,75401
187833;0;57,75401
187866;0;57,75401
187900;0;57,75401
187933;0;57,75401
187966;0;57,75401
188000;0;57,75401
188033;0;57,75401
188066;0;57,75401
188100;0;57,75401
188133;0;57,75401
188166;0;57,75401
188200;0;57,75401
188233;0;57,75401
188266;0;57,75401
188300;0;57,75401
188333;0;57,75401
188366;0;57,75401
188400;0;57,75401
188433;0;57,75401
188466;0;57,75401
188500;0;57,75401
188533;0;57,75401
188566;0;57,75401
188600;0;57,75401
188633;0;57,75401
188666;0;57,75401
188700;1;57,75401
188733;0;57,75401
188766;0;57,75401
188800;0;57,75401
188833;0;57,75401
188866;0;57,75401
188900;0;57,75401
188933;0;57,75401
188966;0;57,75401
189000;0;57,75401
189033;0;57,75401
189066;0;57,75401
189100;0;57,75401
189133;0;57,75401
189166;0;57,75401
189200;0;57,75401
189233;0;57,75401
189266;0;57,75401
189300;0;57,75401
189333;0;57,75401
189366;0;57,75401
189400;0;57,75401
189433;0;57,75401
189466;0;57,75401
189500;0;57,75401
189533;0;57,75401
189566;0;57,75401
189600;0;57,75401
189633;0;57,75401
189666;0;57,75401
189700;0;57,75401
189733;1;57,75401
189766;0;57,75401
189800;0;57,75401
189833;0;57,75401
189866;0;57,75401
189900;0;57,75401
189933;0;57,75401
189966;0;57,75401
190000;0;57,75401
190033;0;57,75401
190066;0;57,75401
190100;0;57,75401
190133;0;57,75401
190166;0;57,75401
190200;0;57,75401
190233;0;57,75401
190266;0;57,75401
190300;0;57,75401
190333;0;57,75401
190366;0;57,75401
190400;0;57,75401
190433;0;57,75401
190466;0;57,75401
190500;0;57,75401
190533;0;57,75401
190566;0;57,75401
190600;0;57,75401
190633;0;57,75401
190666;0;57,75401
190700;0;57,75401
190733;1;57,75401
190766;0;57,75401
190800;0;57,75401
190833;0;57,75401
190866;0;57,75401
190900;0;57,75401
190933;0;57,75401
190966;0;57,75401
191000;0;57,75401
191033;0;57,75401
191066;0;57,75401
191100;0;57,75401
191133;0;57,75401
191166;0;57,75401
191200;0;57,75401
191233;0;57,75401
191266;0;57,75401
191300;0;57,75401
191333;0;57,75401
191366;0;57,75401
191400;0;57,75401
191433;0;57,75401
191466;0;57,75401
191500;0;57,75401
191533;0;57,75401
191566;0;57,75401
191600;0;57,75401
191633;0;57,75401
191666;0;57,75401
191700;0;57,75401
191733;1;57,75401
191766;0;57,75401
191800;0;57,75401
191833;0;57,75401
191866;0;57,75401
191900;0;57,75401
191933;0;57,75401
191966;0;57,75401
192000;0;57,75401
192033;0;57,75401
192066;0;57,75401
192100;0;57,75401
192133;0;57,75401
192166;0;57,75401
192200;0;57,75401
192233;0;57,75401
192266;0;57,75401
192300;0;57,75401
192333;0;57,75401
192366;0;57,75401
192400;0;57,75401
192433;0;57,75401
192466;0;57,75401
192500;0;57,75401
192533;0;57,75401
192566;0;57,75401
192600;0;57,75401
192633;0;57,75401
192666;0;57,75401
192700;0;57,75401
192733;1;57,75401
192766;0;57,75401
192800;0;57,75401
192833;0;57,75401
192866;0;57,75401
192900;0;57,75401
192933;0;57,75401
192966;0;57,75401
193000;0;57,75401
193033;0;57,75401
193066;0;57,75401
193100;0;57,75401
193133;0;57,75401
193166;0;57,75401
193200;0;57,75401
193233;0;57,75401
193266;0;57,75401
193300;0;57,75401
193333;0;57,75401
193366;0;57,75401
193400;0;57,75401
193433;0;57,75401
193466;0;57,75401
193500;0;57,75401
193533;0;57,75401
193566;0;57,75401
193600;0;57,75401
193633;0;57,75401
193666;0;57,75401
193700;0;57,75401
193733;0;57,75401
193766;0;57,75401
193800;0;57,75401
193833;1;57,75401
193866;0;57,75401
193900;0;57,75401
193933;0;57,75401
193966;0;57,75401
194000;0;57,75401
194033;0;57,75401
194066;0;57,75401
194100;0;57,75401
194133;0;57,75401
194166;0;57,75401
194200;0;57,75401
194233;0;57,75401
194266;0;57,75401
